customer_id,num_categories,avg_item_price,discount_usage_count,discount_rate,favorite_brand,favorite_category,online_ratio
C00001,6,3274944.4444444445,7,0.3684210526315789,Generic,Điện tử,0.7894736842105263
C00002,6,3035407.407407407,12,0.41379310344827586,Anker,Điện tử,0.5862068965517241
C00003,6,981761.9047619047,10,0.45454545454545453,Local Brand,Gia dụng,0.5
C00004,6,2920000.0,11,0.7333333333333333,LOréal,Gia dụng,0.4666666666666667
C00005,5,2122047.619047619,7,0.3333333333333333,Adidas,Gia dụng,0.42857142857142855
C00006,6,3123256.4102564105,19,0.4418604651162791,Generic,Gia dụng,0.627906976744186
C00007,5,2584520.0,14,0.5185185185185185,Local Brand,Gia dụng,0.8888888888888888
C00008,6,2177368.4210526315,11,0.5789473684210527,Generic,Thực phẩm,0.6842105263157895
C00009,6,3401705.882352941,13,0.35135135135135137,Anker,Điện tử,0.5405405405405406
C00010,6,2074766.6666666667,16,0.5161290322580645,Generic,Gia dụng,0.3870967741935484
C00011,6,3553000.0,2,0.0625,Local Brand,Gia dụng,0.6875
C00012,6,2271083.3333333335,2,0.15384615384615385,Generic,Gia dụng,1.0
C00013,5,2439260.8695652173,11,0.44,Panasonic,Gia dụng,0.52
C00014,5,5949692.307692308,18,0.6666666666666666,Samsung,Gia dụng,0.48148148148148145
C00015,6,2234961.5384615385,16,0.6153846153846154,Local Brand,Gia dụng,0.5769230769230769
C00016,6,2532966.6666666665,16,0.5333333333333333,Local Brand,Gia dụng,0.36666666666666664
C00017,6,3352130.434782609,14,0.5833333333333334,Fahasa,Điện tử,0.25
C00018,5,1608961.5384615385,18,0.6428571428571429,Vinamilk,Thời trang,0.7142857142857143
C00019,6,3803533.3333333335,3,0.1875,Xiaomi,Gia dụng,0.625
C00020,6,2218085.714285714,19,0.475,Generic,Gia dụng,0.5
C00021,6,4228031.25,14,0.4117647058823529,Adidas,Thời trang,0.47058823529411764
C00022,6,3685450.0,13,0.6190476190476191,Generic,Điện tử,0.6190476190476191
C00023,6,2379666.6666666665,13,0.40625,Generic,Gia dụng,0.625
C00024,6,3066815.789473684,23,0.5897435897435898,Generic,Thời trang,0.5384615384615384
C00025,6,3750000.0,15,0.5555555555555556,Samsung,Điện tử,0.5555555555555556
C00026,5,1807842.105263158,7,0.35,Local Brand,Gia dụng,0.55
C00027,6,2274000.0,5,0.23809523809523808,Local Brand,Gia dụng,0.2857142857142857
C00028,6,1018117.6470588235,9,0.5294117647058824,Generic,Gia dụng,0.29411764705882354
C00029,6,3112861.111111111,20,0.5263157894736842,Generic,Gia dụng,0.5526315789473685
C00030,6,3661619.0476190476,13,0.5909090909090909,Local Brand,Điện tử,0.5909090909090909
C00031,5,1805333.3333333333,2,0.2,Adidas,Thời trang,0.6
C00032,6,3310708.3333333335,8,0.3333333333333333,Samsung,Gia dụng,0.4583333333333333
C00033,6,3509750.0,6,0.35294117647058826,Apple,Điện tử,0.7647058823529411
C00034,6,4223783.783783784,9,0.24324324324324326,H&M,Điện tử,0.4864864864864865
C00035,6,1763117.6470588236,10,0.5555555555555556,Adidas,Gia dụng,0.6666666666666666
C00036,6,3588151.515151515,21,0.6,Local Brand,Điện tử,0.22857142857142856
C00037,5,2615473.6842105263,2,0.1,Samsung,Gia dụng,0.6
C00038,6,3340083.3333333335,20,0.5555555555555556,Generic,Điện tử,0.4166666666666667
C00039,6,2716263.1578947366,8,0.38095238095238093,Panasonic,Gia dụng,0.6190476190476191
C00040,6,3387000.0,12,0.48,Local Brand,Điện tử,0.4
C00041,6,2732555.5555555555,22,0.7857142857142857,Generic,Gia dụng,0.42857142857142855
C00042,6,3334260.8695652173,12,0.5,Generic,Thời trang,0.375
C00043,6,4125612.9032258065,21,0.65625,Generic,Gia dụng,0.5
C00044,6,3488241.379310345,14,0.4666666666666667,Local Brand,Thực phẩm,0.5666666666666667
C00045,6,4282514.285714285,24,0.6486486486486487,Local Brand,Điện tử,0.4864864864864865
C00046,2,5186000.0,0,0.0,Baseus,Gia dụng,1.0
C00047,5,1566250.0,2,0.16666666666666666,Vinamilk,Gia dụng,0.75
C00048,6,3157916.6666666665,16,0.64,Samsung,Gia dụng,0.64
C00049,6,3101269.230769231,10,0.38461538461538464,Samsung,Gia dụng,0.6153846153846154
C00050,6,4755190.476190476,5,0.23809523809523808,Generic,Điện tử,0.9047619047619048
C00051,6,3320282.0512820515,10,0.25,Samsung,Gia dụng,0.25
C00052,6,3222962.962962963,15,0.5357142857142857,Adidas,Điện tử,0.42857142857142855
C00053,5,2908250.0,6,0.3333333333333333,TH True,Thời trang,0.3333333333333333
C00054,6,3369520.0,10,0.3448275862068966,Local Brand,Thời trang,0.3793103448275862
C00055,6,1849678.5714285714,8,0.2857142857142857,Adidas,Gia dụng,0.4642857142857143
C00056,6,3452500.0,14,0.5833333333333334,Generic,Gia dụng,0.5416666666666666
C00057,6,3855153.846153846,14,0.7368421052631579,Generic,Sách & VPP,0.5789473684210527
C00058,6,3293147.0588235296,11,0.2972972972972973,Local Brand,Gia dụng,0.4864864864864865
C00059,6,2488750.0,13,0.40625,Adidas,Thời trang,0.21875
C00060,5,3197315.789473684,11,0.5238095238095238,Vinamilk,Điện tử,0.5714285714285714
C00061,6,2474066.6666666665,11,0.6111111111111112,Sony,Thời trang,1.0
C00062,6,2351066.6666666665,9,0.6,TH True,Thực phẩm,0.4666666666666667
C00063,6,2381400.0,21,0.5675675675675675,TH True,Điện tử,0.5405405405405406
C00064,5,1074812.5,7,0.4375,Local Brand,Gia dụng,0.8125
C00065,6,4051136.3636363638,13,0.52,Xiaomi,Gia dụng,0.28
C00066,6,2356560.0,11,0.4230769230769231,Samsung,Gia dụng,0.5
C00067,5,1231600.0,3,0.3,Generic,Gia dụng,0.7
C00068,6,2481500.0,13,0.38235294117647056,Local Brand,Thời trang,0.4117647058823529
C00069,6,3573875.0,4,0.23529411764705882,Adidas,Điện tử,0.9411764705882353
C00070,4,3731875.0,9,0.5,Xiaomi,Gia dụng,0.8888888888888888
C00071,6,2657500.0,4,0.16666666666666666,Generic,Gia dụng,0.375
C00072,5,4843923.076923077,8,0.2962962962962963,LG,Điện tử,0.4074074074074074
C00073,6,3019750.0,8,0.34782608695652173,Generic,Gia dụng,0.6521739130434783
C00074,6,2416125.0,11,0.6470588235294118,Local Brand,Gia dụng,0.4117647058823529
C00075,6,3047285.714285714,6,0.2857142857142857,Generic,Gia dụng,0.5238095238095238
C00076,6,4717476.19047619,14,0.6363636363636364,Anker,Điện tử,0.36363636363636365
C00077,5,1649222.2222222222,11,0.6111111111111112,Local Brand,Gia dụng,0.2777777777777778
C00078,6,1490272.7272727273,6,0.25,Innisfree,Gia dụng,0.5833333333333334
C00079,6,3460250.0,8,0.5,LOréal,Thời trang,0.25
C00080,4,3255785.714285714,6,0.4,Adidas,Mỹ phẩm,0.3333333333333333
C00081,6,3000952.380952381,12,0.5714285714285714,Adidas,Thời trang,0.2857142857142857
C00082,6,2467966.6666666665,18,0.5454545454545454,Samsung,Thời trang,0.6666666666666666
C00083,6,3246518.5185185187,11,0.39285714285714285,Generic,Điện tử,0.6785714285714286
C00084,6,2694800.0,19,0.5588235294117647,Local Brand,Gia dụng,0.6764705882352942
C00085,6,2045818.1818181819,15,0.6818181818181818,Generic,Thời trang,0.45454545454545453
C00086,5,3611000.0,10,0.6666666666666666,Anker,Điện tử,0.2
C00087,6,1950000.0,19,0.7307692307692307,TH True,Thời trang,0.6923076923076923
C00088,6,2901800.0,20,0.6060606060606061,Generic,Điện tử,0.7575757575757576
C00089,6,3291960.0,10,0.37037037037037035,Local Brand,Điện tử,0.6296296296296297
C00090,6,1459826.0869565217,13,0.52,Local Brand,Gia dụng,0.68
C00091,6,2458925.925925926,11,0.4074074074074074,Generic,Gia dụng,0.6666666666666666
C00092,6,3043727.272727273,8,0.34782608695652173,Panasonic,Điện tử,0.34782608695652173
C00093,6,1889466.6666666667,6,0.375,Generic,Gia dụng,0.3125
C00094,6,1596482.7586206896,17,0.53125,Local Brand,Gia dụng,0.78125
C00095,6,3939500.0,17,0.7727272727272727,Adidas,Gia dụng,0.4090909090909091
C00096,6,3233705.882352941,15,0.42857142857142855,Generic,Gia dụng,0.6285714285714286
C00097,6,838777.7777777778,7,0.25925925925925924,Local Brand,Thực phẩm,0.5185185185185185
C00098,6,2911692.3076923075,6,0.23076923076923078,Local Brand,Gia dụng,0.7692307692307693
C00099,6,2903583.3333333335,14,0.5833333333333334,Local Brand,Gia dụng,0.5
C00100,5,3657166.6666666665,8,0.6666666666666666,Apple,Mỹ phẩm,0.4166666666666667
C00101,6,4425500.0,13,0.5,Generic,Điện tử,0.7307692307692307
C00102,6,4275450.0,12,0.5454545454545454,Generic,Điện tử,0.2727272727272727
C00103,6,3741451.6129032257,8,0.23529411764705882,Local Brand,Thời trang,0.23529411764705882
C00104,6,2540500.0,20,0.7407407407407407,Local Brand,Thời trang,0.6296296296296297
C00105,6,4129037.037037037,10,0.3333333333333333,Generic,Điện tử,0.5666666666666667
C00106,6,2300200.0,2,0.2,Local Brand,Thời trang,0.5
C00107,5,3054280.0,7,0.2692307692307692,Local Brand,Điện tử,0.5384615384615384
C00108,4,767666.6666666666,2,0.3333333333333333,Adidas,Mỹ phẩm,0.0
C00109,6,4192592.592592593,18,0.6428571428571429,Generic,Gia dụng,0.5
C00110,5,2230100.0,15,0.75,Local Brand,Thời trang,0.45
C00111,6,1549956.5217391304,17,0.7083333333333334,Adidas,Gia dụng,0.375
C00112,6,2875450.0,20,0.9090909090909091,Generic,Gia dụng,0.4090909090909091
C00113,6,2514875.0,9,0.5625,Anker,Thực phẩm,0.8125
C00114,6,1677142.857142857,10,0.43478260869565216,Adidas,Gia dụng,0.391304347826087
C00115,5,1659103.448275862,18,0.6,Zara,Thời trang,0.5666666666666667
C00116,5,2760812.5,4,0.23529411764705882,Local Brand,Gia dụng,0.5294117647058824
C00117,6,3898380.9523809524,17,0.7727272727272727,Xiaomi,Điện tử,0.4090909090909091
C00118,6,4245200.0,15,0.5,Adidas,Điện tử,0.4666666666666667
C00119,6,3013166.6666666665,13,0.5,Generic,Sách & VPP,0.34615384615384615
C00120,5,4541161.29032258,5,0.16129032258064516,Generic,Gia dụng,0.5161290322580645
C00121,5,2643428.5714285714,5,0.625,Local Brand,Thực phẩm,0.375
C00122,5,1118700.0,3,0.3,Local Brand,Thực phẩm,0.5
C00123,4,5845400.0,3,0.6,Anker,Điện tử,0.6
C00124,5,6263777.777777778,5,0.5555555555555556,Samsung,Điện tử,0.2222222222222222
C00125,3,1524000.0,2,0.3333333333333333,Generic,Gia dụng,1.0
C00126,2,743500.0,2,1.0,TH True,Thời trang,1.0
C00127,4,3382600.0,7,0.7,Local Brand,Gia dụng,0.1
C00128,2,352500.0,2,1.0,Generic,Mỹ phẩm,0.0
C00129,5,2764500.0,5,0.4166666666666667,Uniqlo,Gia dụng,0.4166666666666667
C00130,3,1592200.0,0,0.0,Generic,Mỹ phẩm,0.5
C00131,6,3944466.6666666665,7,0.4666666666666667,Fahasa,Điện tử,0.9333333333333333
C00132,4,787300.0,9,0.9,Generic,Gia dụng,0.4
C00133,4,3746750.0,3,0.6,Apple,Mỹ phẩm,0.8
C00134,4,2325000.0,0,0.0,Fahasa,Gia dụng,0.0
C00135,6,3263375.0,9,0.5294117647058824,Generic,Mỹ phẩm,0.4117647058823529
C00136,4,2071333.3333333333,4,0.6666666666666666,Generic,Gia dụng,0.6666666666666666
C00137,3,4462000.0,1,0.3333333333333333,Adidas,Mỹ phẩm,0.0
C00138,5,3312916.6666666665,8,0.6153846153846154,Local Brand,Gia dụng,0.38461538461538464
C00139,2,189500.0,1,0.3333333333333333,TH True,Thời trang,1.0
C00140,6,2082133.3333333333,9,0.5294117647058824,Generic,Gia dụng,0.7058823529411765
C00141,5,2550235.294117647,7,0.4117647058823529,Samsung,Gia dụng,0.4117647058823529
C00142,4,4972142.857142857,4,0.4444444444444444,LOréal,Mỹ phẩm,0.6666666666666666
C00143,4,4286875.0,6,0.6666666666666666,Samsung,Điện tử,0.6666666666666666
C00144,4,2875750.0,6,0.75,Samsung,Gia dụng,0.625
C00145,4,3551000.0,0,0.0,Local Brand,Thực phẩm,0.0
C00146,4,1502666.6666666667,1,0.14285714285714285,Sony,Điện tử,0.2857142857142857
C00147,5,3697545.4545454546,2,0.18181818181818182,Sony,Gia dụng,0.2727272727272727
C00148,6,5868687.5,4,0.25,Adidas,Thời trang,0.5
C00149,6,783384.6153846154,11,0.7333333333333333,Adidas,Gia dụng,0.8
C00150,3,558500.0,0,0.0,Generic,Thực phẩm,0.0
C00151,2,2456250.0,4,1.0,LG,Gia dụng,1.0
C00152,5,2343200.0,6,0.6,Generic,Thời trang,0.1
C00153,5,2727437.5,17,0.9444444444444444,Generic,Điện tử,0.2777777777777778
C00154,6,3709923.076923077,9,0.6428571428571429,Adidas,Điện tử,0.35714285714285715
C00155,4,1993750.0,2,0.5,Apple,Gia dụng,0.0
C00156,6,1171000.0,6,0.24,Generic,Gia dụng,0.32
C00157,4,1934857.142857143,1,0.125,Samsung,Gia dụng,0.625
C00158,6,980125.0,13,0.38235294117647056,Adidas,Gia dụng,0.35294117647058826
C00159,6,4840125.0,1,0.125,Adidas,Sách & VPP,0.0
C00160,5,4508384.615384615,13,1.0,Generic,Gia dụng,0.5384615384615384
C00161,5,2044083.3333333333,7,0.5833333333333334,Local Brand,Gia dụng,0.3333333333333333
C00162,3,8659666.666666666,3,0.75,Adidas,Gia dụng,1.0
C00163,6,4062958.3333333335,15,0.6,Generic,Điện tử,0.4
C00164,6,2765368.4210526315,12,0.6,Local Brand,Thời trang,0.55
C00165,5,6066666.666666667,3,0.3333333333333333,Anker,Điện tử,0.0
C00166,3,1536666.6666666667,3,0.75,Adidas,Thực phẩm,0.5
C00167,6,4099466.6666666665,9,0.6,Xiaomi,Thực phẩm,0.3333333333333333
C00168,6,4027545.4545454546,9,0.75,Adidas,Thời trang,0.25
C00169,5,1139500.0,0,0.0,Local Brand,Thời trang,1.0
C00170,3,1279375.0,0,0.0,Anker,Gia dụng,0.75
C00171,3,1863666.6666666667,0,0.0,Innisfree,Mỹ phẩm,0.0
C00172,6,2455285.714285714,5,0.3125,Innisfree,Mỹ phẩm,0.8125
C00173,5,2384647.0588235296,14,0.8235294117647058,Samsung,Thực phẩm,0.7058823529411765
C00175,4,3407000.0,4,0.6666666666666666,Panasonic,Gia dụng,0.6666666666666666
C00176,5,2304400.0,8,0.7272727272727273,Local Brand,Thực phẩm,0.9090909090909091
C00177,5,1978416.6666666667,5,0.4166666666666667,LOréal,Gia dụng,0.8333333333333334
C00178,4,783428.5714285715,8,1.0,Local Brand,Thực phẩm,0.375
C00179,4,8361714.285714285,7,1.0,Generic,Điện tử,0.7142857142857143
C00180,5,1823916.6666666667,8,0.6153846153846154,Local Brand,Gia dụng,0.0
C00181,5,5150000.0,10,0.5555555555555556,Baseus,Điện tử,0.3888888888888889
C00182,5,3690571.4285714286,0,0.0,Generic,Sách & VPP,1.0
C00183,5,4328684.2105263155,7,0.3684210526315789,Baseus,Điện tử,0.5789473684210527
C00184,5,1495666.6666666667,6,0.6666666666666666,Anker,Điện tử,1.0
C00185,5,3834000.0,5,0.5,Samsung,Gia dụng,0.4
C00186,6,2635090.909090909,9,0.6923076923076923,Anker,Gia dụng,0.3076923076923077
C00187,5,3229461.5384615385,12,0.9230769230769231,Generic,Gia dụng,0.46153846153846156
C00188,2,221500.0,1,0.5,Uniqlo,Thời trang,0.0
C00189,2,3951000.0,1,0.3333333333333333,Adidas,Điện tử,0.6666666666666666
C00190,3,5084000.0,2,0.5,Apple,Điện tử,0.5
C00191,4,4347222.222222222,0,0.0,Sony,Điện tử,1.0
C00192,5,2675307.6923076925,13,1.0,Adidas,Gia dụng,0.7692307692307693
C00193,5,4161769.230769231,8,0.6153846153846154,Adidas,Gia dụng,0.23076923076923078
C00194,6,4101000.0,4,0.3076923076923077,Samsung,Điện tử,0.23076923076923078
C00195,5,1616833.3333333333,11,0.9166666666666666,Adidas,Thời trang,0.08333333333333333
C00196,5,2973428.5714285714,9,0.6,Local Brand,Thời trang,0.26666666666666666
C00197,5,5364750.0,0,0.0,Baseus,Điện tử,0.625
C00198,3,629000.0,0,0.0,H&M,Gia dụng,1.0
C00199,5,3731666.6666666665,2,0.18181818181818182,Adidas,Thời trang,0.45454545454545453
C00200,6,2916428.5714285714,1,0.07142857142857142,Panasonic,Gia dụng,0.42857142857142855
C00201,5,3915000.0,2,0.2222222222222222,Anker,Gia dụng,0.6666666666666666
C00202,2,1527250.0,3,0.75,Anker,Thời trang,0.25
C00203,5,2626307.6923076925,8,0.5714285714285714,Vinamilk,Thực phẩm,0.5
C00204,6,3505181.8181818184,4,0.3076923076923077,Local Brand,Điện tử,0.46153846153846156
C00205,4,1191857.142857143,4,0.5714285714285714,Generic,Gia dụng,0.42857142857142855
C00206,5,5157571.428571428,16,1.0,Generic,Điện tử,0.625
C00207,4,4104333.3333333335,4,0.6666666666666666,Apple,Điện tử,1.0
C00208,6,2956000.0,9,0.6,Generic,Gia dụng,0.7333333333333333
C00209,5,4821076.923076923,8,0.5333333333333333,Panasonic,Gia dụng,0.4666666666666667
C00210,6,3688375.0,6,0.35294117647058826,LG,Gia dụng,0.5882352941176471
C00211,5,7593800.0,10,1.0,Local Brand,Điện tử,0.0
C00212,6,2757625.0,5,0.3125,Adidas,Thời trang,0.75
C00213,5,2194727.272727273,1,0.08333333333333333,Generic,Gia dụng,0.8333333333333334
C00214,5,676153.8461538461,3,0.21428571428571427,Adidas,Gia dụng,0.0
C00215,1,4539000.0,0,0.0,Xiaomi,Gia dụng,1.0
C00216,4,3355400.0,0,0.0,Anker,Gia dụng,0.6
C00217,2,8076400.0,0,0.0,Apple,Điện tử,0.2
C00218,5,1134666.6666666667,3,0.5,Local Brand,Gia dụng,0.6666666666666666
C00219,4,1863500.0,1,0.2,Vinamilk,Thực phẩm,0.4
C00220,4,2451571.4285714286,3,0.375,TH True,Thực phẩm,0.375
C00221,4,5729636.363636363,8,0.7272727272727273,Anker,Điện tử,0.09090909090909091
C00222,5,2729714.285714286,2,0.2857142857142857,Xiaomi,Thời trang,0.42857142857142855
C00223,1,1062500.0,0,0.0,Adidas,Thời trang,0.0
C00224,6,2915473.6842105263,11,0.5,Generic,Gia dụng,0.36363636363636365
C00225,3,1346000.0,3,0.6,Anker,Thực phẩm,1.0
C00226,5,689500.0,1,0.16666666666666666,Fahasa,Thời trang,0.6666666666666666
C00227,4,1458800.0,6,0.5454545454545454,Adidas,Gia dụng,0.09090909090909091
C00228,5,1627500.0,5,0.8333333333333334,Local Brand,Thực phẩm,0.0
C00229,6,3038909.090909091,7,0.5384615384615384,Xiaomi,Gia dụng,0.6923076923076923
C00230,5,1235111.111111111,3,0.3,Apple,Gia dụng,0.3
C00231,2,2317333.3333333335,3,1.0,Anker,Điện tử,0.0
C00232,4,1474857.142857143,5,0.7142857142857143,Fahasa,Gia dụng,0.7142857142857143
C00233,5,2984285.714285714,4,0.5714285714285714,Adidas,Thời trang,0.42857142857142855
C00234,4,1642000.0,4,0.6666666666666666,Adidas,Gia dụng,0.5
C00235,5,2635285.714285714,4,0.2857142857142857,Generic,Điện tử,0.9285714285714286
C00236,5,2932117.6470588236,9,0.47368421052631576,Vinamilk,Gia dụng,0.9473684210526315
C00237,5,2220500.0,5,0.5555555555555556,Adidas,Sách & VPP,0.1111111111111111
C00238,6,3963166.6666666665,2,0.16666666666666666,Local Brand,Điện tử,0.4166666666666667
C00239,5,2108272.727272727,2,0.18181818181818182,Zara,Sách & VPP,0.9090909090909091
C00240,1,169000.0,1,1.0,LG,Gia dụng,0.0
C00241,4,3991333.3333333335,2,0.3333333333333333,Baseus,Thời trang,0.5
C00242,6,2375176.470588235,8,0.4444444444444444,Generic,Gia dụng,1.0
C00243,6,1241090.9090909092,11,1.0,Generic,Gia dụng,0.6363636363636364
C00244,5,3790363.6363636362,7,0.5833333333333334,Anker,Điện tử,0.6666666666666666
C00245,5,1243333.3333333333,5,0.5,Sony,Thực phẩm,0.8
C00246,6,3131428.5714285714,11,0.7333333333333333,Local Brand,Gia dụng,0.4
C00247,4,1341714.2857142857,5,0.625,Adidas,Thời trang,0.625
C00248,6,2963800.0,2,0.25,Local Brand,Gia dụng,0.125
C00249,6,3044800.0,8,0.47058823529411764,Zara,Thời trang,0.5294117647058824
C00250,6,3867363.6363636362,7,0.5833333333333334,Anker,Điện tử,0.5833333333333334
C00252,4,3295666.6666666665,7,0.7777777777777778,Adidas,Gia dụng,0.4444444444444444
C00253,3,1345500.0,2,0.4,Generic,Gia dụng,0.0
C00254,2,3272333.3333333335,0,0.0,Adidas,Thời trang,0.0
C00256,5,2261555.5555555555,2,0.2,Generic,Gia dụng,0.5
C00257,6,4714866.666666667,4,0.25,Local Brand,Điện tử,0.75
C00258,4,3414500.0,3,0.21428571428571427,Panasonic,Gia dụng,0.35714285714285715
C00259,5,923200.0,9,0.9,Panasonic,Gia dụng,0.2
C00260,4,3727000.0,0,0.0,LOréal,Gia dụng,0.5
C00261,4,803500.0,3,0.5,TH True,Thời trang,0.5
C00262,5,1442750.0,2,0.3333333333333333,Generic,Thời trang,0.3333333333333333
C00263,5,5378000.0,4,0.3333333333333333,Local Brand,Điện tử,0.4166666666666667
C00264,1,3258000.0,0,0.0,Xiaomi,Gia dụng,0.0
C00265,4,3921000.0,3,0.75,Apple,Gia dụng,0.0
C00266,5,2057750.0,8,0.6666666666666666,Adidas,Thời trang,0.5833333333333334
C00267,2,3422500.0,2,1.0,Adidas,Gia dụng,0.0
C00268,6,2285150.0,10,0.47619047619047616,Adidas,Gia dụng,0.47619047619047616
C00269,5,1654466.6666666667,12,0.8,TH True,Thực phẩm,0.4
C00271,3,2983222.222222222,9,1.0,Anker,Gia dụng,0.1111111111111111
C00272,1,788000.0,1,0.5,Innisfree,Mỹ phẩm,1.0
C00273,6,1087416.6666666667,11,0.8461538461538461,Anker,Gia dụng,0.6153846153846154
C00274,5,2311166.6666666665,11,0.8461538461538461,Local Brand,Thời trang,0.46153846153846156
C00275,2,106000.0,1,0.5,Generic,Sách & VPP,0.0
C00276,5,1101444.4444444445,2,0.2,Generic,Gia dụng,0.8
C00277,3,3702833.3333333335,6,1.0,Adidas,Gia dụng,0.5
C00278,3,9572333.333333334,0,0.0,H&M,Gia dụng,1.0
C00279,5,2442333.3333333335,6,0.5454545454545454,Local Brand,Sách & VPP,0.8181818181818182
C00280,5,1964583.3333333333,9,0.6923076923076923,Innisfree,Mỹ phẩm,0.15384615384615385
C00281,5,5626800.0,2,0.3333333333333333,Xiaomi,Gia dụng,0.0
C00282,2,7877500.0,1,0.5,Panasonic,Mỹ phẩm,0.5
C00283,3,2090250.0,0,0.0,Fahasa,Gia dụng,1.0
C00284,5,4750166.666666667,1,0.16666666666666666,Generic,Điện tử,0.6666666666666666
C00285,4,3547777.777777778,2,0.2222222222222222,Generic,Thời trang,1.0
C00286,5,5139416.666666667,8,0.5333333333333333,Samsung,Gia dụng,0.3333333333333333
C00287,5,3921666.6666666665,3,0.5,Xiaomi,Điện tử,0.6666666666666666
C00288,5,2027916.6666666667,11,0.6875,Local Brand,Thời trang,0.1875
C00289,4,2742071.4285714286,8,0.5333333333333333,Local Brand,Điện tử,0.3333333333333333
C00290,4,2423375.0,2,0.25,Adidas,Thời trang,0.5
C00291,3,2055363.6363636365,2,0.18181818181818182,Local Brand,Gia dụng,0.8181818181818182
C00292,5,3151428.5714285714,3,0.375,Panasonic,Gia dụng,0.375
C00293,4,3232666.6666666665,9,1.0,Samsung,Gia dụng,0.2222222222222222
C00294,6,2940062.5,4,0.25,Samsung,Gia dụng,0.5625
C00295,5,2566272.727272727,8,0.6666666666666666,Generic,Gia dụng,0.5833333333333334
C00296,3,5017666.666666667,1,0.3333333333333333,Panasonic,Gia dụng,1.0
C00297,2,1230500.0,0,0.0,Local Brand,Gia dụng,0.0
C00298,4,1270800.0,0,0.0,Samsung,Thực phẩm,0.0
C00299,5,1023416.6666666666,9,0.6923076923076923,Generic,Gia dụng,0.9230769230769231
C00300,2,372000.0,1,0.5,Anker,Sách & VPP,1.0
C00301,5,2675000.0,7,0.5,Anker,Thực phẩm,0.42857142857142855
C00302,5,2261230.769230769,6,0.42857142857142855,Generic,Gia dụng,0.7857142857142857
C00303,4,7814800.0,0,0.0,Samsung,Điện tử,0.0
C00304,4,762000.0,5,0.8333333333333334,Local Brand,Thời trang,0.16666666666666666
C00305,4,7389500.0,3,0.75,Generic,Gia dụng,0.5
C00306,3,273000.0,2,0.6666666666666666,Baseus,Sách & VPP,0.6666666666666666
C00307,1,1281000.0,1,1.0,Zara,Thời trang,1.0
C00308,6,3102866.6666666665,9,0.47368421052631576,Panasonic,Điện tử,1.0
C00309,6,3069750.0,6,0.46153846153846156,Local Brand,Thời trang,0.23076923076923078
C00310,5,949400.0,8,0.6666666666666666,LG,Gia dụng,0.9166666666666666
C00311,5,4258300.0,5,0.5,Panasonic,Gia dụng,0.3
C00312,3,547500.0,0,0.0,Apple,Thời trang,1.0
C00313,5,4133000.0,6,0.5454545454545454,Adidas,Gia dụng,0.18181818181818182
C00314,5,4236166.666666667,4,0.3333333333333333,Panasonic,Điện tử,0.4166666666666667
C00315,6,1435705.8823529412,10,0.5555555555555556,Generic,Gia dụng,0.3333333333333333
C00316,4,5490083.333333333,3,0.25,Anker,Điện tử,0.25
C00317,5,2466875.0,3,0.375,TH True,Thực phẩm,0.25
C00318,6,2220615.3846153845,9,0.6428571428571429,Generic,Gia dụng,0.35714285714285715
C00319,4,4021500.0,2,0.2857142857142857,Generic,Gia dụng,0.42857142857142855
C00320,5,2533230.769230769,5,0.38461538461538464,Generic,Gia dụng,0.8461538461538461
C00321,3,2626800.0,2,0.4,Adidas,Thời trang,0.4
C00322,4,4467000.0,4,0.26666666666666666,LG,Thời trang,0.8
C00323,5,2265555.5555555555,6,0.6666666666666666,Generic,Điện tử,0.3333333333333333
C00324,4,6276785.714285715,10,0.7142857142857143,Samsung,Điện tử,0.5714285714285714
C00325,4,1642250.0,2,0.5,Apple,Gia dụng,0.75
C00326,5,3149266.6666666665,7,0.4666666666666667,LOréal,Gia dụng,0.5333333333333333
C00327,5,4719916.666666667,6,0.46153846153846156,Xiaomi,Gia dụng,0.38461538461538464
C00328,6,2448500.0,6,0.75,Anker,Điện tử,0.5
C00329,5,1601090.9090909092,3,0.2727272727272727,Generic,Gia dụng,1.0
C00330,6,2392705.882352941,9,0.5294117647058824,Adidas,Thực phẩm,0.17647058823529413
C00331,4,1245666.6666666667,4,1.0,Apple,Mỹ phẩm,1.0
C00332,6,3118636.3636363638,0,0.0,Generic,Gia dụng,0.45454545454545453
C00333,5,2154941.1764705884,13,0.7647058823529411,Generic,Gia dụng,0.7647058823529411
C00334,1,12678000.0,1,1.0,Unknown,Điện tử,1.0
C00335,5,3558750.0,3,0.375,H&M,Thời trang,0.5
C00336,6,1862625.0,8,0.5,Generic,Sách & VPP,0.3125
C00337,6,4751294.117647059,2,0.11764705882352941,Apple,Gia dụng,0.29411764705882354
C00338,3,6213400.0,5,0.8333333333333334,Samsung,Điện tử,0.6666666666666666
C00339,5,2777833.3333333335,3,0.5,Fahasa,Sách & VPP,0.5
C00340,3,1197000.0,3,0.75,Anker,Gia dụng,0.75
C00341,4,2572294.117647059,13,0.7647058823529411,Local Brand,Thời trang,0.7058823529411765
C00342,2,6854500.0,1,0.5,Apple,Gia dụng,1.0
C00343,5,1963000.0,4,0.36363636363636365,Vinamilk,Gia dụng,0.36363636363636365
C00344,5,1152666.6666666667,2,0.25,Generic,Thực phẩm,1.0
C00345,5,2317285.714285714,8,0.5714285714285714,Generic,Mỹ phẩm,0.8571428571428571
C00346,4,805625.0,1,0.125,Adidas,Thời trang,0.375
C00347,4,3529909.090909091,9,0.8181818181818182,Anker,Điện tử,0.7272727272727273
C00348,6,2432222.222222222,10,0.5263157894736842,Local Brand,Thời trang,0.7894736842105263
C00349,6,4139285.714285714,13,0.8125,Local Brand,Gia dụng,0.5625
C00350,3,1713166.6666666667,5,0.7142857142857143,Generic,Gia dụng,0.42857142857142855
C00351,6,4256956.521739131,13,0.52,Adidas,Thời trang,0.72
C00352,4,878444.4444444445,7,0.7777777777777778,Zara,Gia dụng,0.7777777777777778
C00353,5,5253444.444444444,8,0.8888888888888888,Local Brand,Gia dụng,1.0
C00354,5,4245400.0,7,0.6363636363636364,Vinamilk,Thực phẩm,0.9090909090909091
C00355,5,3064100.0,1,0.1,Local Brand,Thời trang,0.4
C00356,6,2243250.0,3,0.375,Anker,Gia dụng,1.0
C00357,1,207000.0,1,1.0,Local Brand,Mỹ phẩm,1.0
C00358,6,4646071.428571428,5,0.3333333333333333,Generic,Điện tử,0.6666666666666666
C00359,2,78000.0,1,0.3333333333333333,TH True,Thực phẩm,0.0
C00360,3,1335000.0,2,0.6666666666666666,Generic,Gia dụng,0.3333333333333333
C00361,6,3849733.3333333335,8,0.5333333333333333,Adidas,Thực phẩm,0.5333333333333333
C00362,4,3299000.0,1,0.16666666666666666,Adidas,Thời trang,0.6666666666666666
C00363,6,2266214.285714286,12,0.75,Generic,Gia dụng,0.625
C00364,6,1887333.3333333333,5,0.5,Panasonic,Gia dụng,0.2
C00365,5,3076666.6666666665,3,0.42857142857142855,Anker,Gia dụng,0.8571428571428571
C00366,5,2180500.0,4,0.21052631578947367,Generic,Gia dụng,0.631578947368421
C00367,4,6831800.0,2,0.4,Adidas,Điện tử,0.6
C00368,3,1190833.3333333333,2,0.3333333333333333,Adidas,Thời trang,0.3333333333333333
C00369,4,2511125.0,2,0.2222222222222222,LG,Gia dụng,0.8888888888888888
C00370,1,663000.0,1,1.0,Samsung,Gia dụng,0.0
C00371,5,3321625.0,2,0.2222222222222222,Local Brand,Gia dụng,1.0
C00372,2,958800.0,4,0.8,Vinamilk,Thực phẩm,0.8
C00373,4,1809764.705882353,14,0.8235294117647058,Adidas,Gia dụng,0.8235294117647058
C00374,5,3900000.0,4,0.4444444444444444,Local Brand,Gia dụng,0.4444444444444444
C00375,6,1382187.5,12,0.7058823529411765,Generic,Thời trang,0.47058823529411764
C00376,2,10194000.0,3,1.0,Panasonic,Điện tử,0.0
C00377,6,2439250.0,12,0.7058823529411765,Adidas,Thời trang,0.8823529411764706
C00378,6,812000.0,9,1.0,Adidas,Thực phẩm,0.4444444444444444
C00379,6,4028466.6666666665,8,0.5,Local Brand,Thực phẩm,0.375
C00380,4,1366000.0,2,0.5,Adidas,Gia dụng,1.0
C00381,6,1343500.0,5,0.4166666666666667,Generic,Mỹ phẩm,0.5
C00382,3,4002600.0,0,0.0,Generic,Gia dụng,0.0
C00383,5,2767666.6666666665,3,0.23076923076923078,Anker,Thời trang,0.3076923076923077
C00384,6,1365000.0,4,0.4444444444444444,Local Brand,Mỹ phẩm,0.0
C00385,5,2581222.222222222,4,0.4444444444444444,Panasonic,Gia dụng,0.6666666666666666
C00386,4,1589250.0,3,0.6,H&M,Thời trang,0.6
C00387,4,1104000.0,3,0.5,Generic,Gia dụng,0.5
C00388,2,1044000.0,0,0.0,Apple,Mỹ phẩm,1.0
C00389,5,3013571.4285714286,18,0.8181818181818182,Generic,Điện tử,0.4090909090909091
C00390,6,1767818.1818181819,12,1.0,Adidas,Thời trang,0.9166666666666666
C00391,3,3353400.0,5,1.0,Zara,Gia dụng,0.2
C00392,6,1977125.0,2,0.125,Adidas,Thời trang,0.6875
C00393,6,3181055.5555555555,12,0.6666666666666666,Generic,Sách & VPP,0.5555555555555556
C00394,4,1238000.0,8,0.8,Anker,Gia dụng,0.5
C00395,2,1365000.0,0,0.0,Anker,Gia dụng,1.0
C00396,4,1659000.0,4,0.5,Zara,Mỹ phẩm,0.25
C00397,6,1782037.037037037,21,0.7241379310344828,Local Brand,Thời trang,0.5172413793103449
C00398,5,1352833.3333333333,4,0.6666666666666666,Panasonic,Thời trang,0.16666666666666666
C00399,3,5114333.333333333,2,0.6666666666666666,Anker,Mỹ phẩm,0.6666666666666666
C00400,4,1162166.6666666667,4,0.6666666666666666,Adidas,Gia dụng,0.8333333333333334
C00401,3,9076750.0,1,0.25,Local Brand,Điện tử,0.75
C00402,1,372000.0,0,0.0,Generic,Sách & VPP,1.0
C00403,1,348000.0,1,1.0,Apple,Điện tử,0.0
C00404,4,1300166.6666666667,4,0.6666666666666666,Fahasa,Sách & VPP,0.16666666666666666
C00405,4,2693666.6666666665,8,0.8,Adidas,Thời trang,0.3
C00406,2,7001500.0,2,1.0,Anker,Sách & VPP,0.0
C00407,2,169666.66666666666,1,0.3333333333333333,Local Brand,Thực phẩm,0.3333333333333333
C00408,5,1814000.0,0,0.0,Panasonic,Điện tử,0.5714285714285714
C00409,1,629000.0,0,0.0,Xiaomi,Gia dụng,0.0
C00410,4,5801083.333333333,5,0.38461538461538464,Apple,Điện tử,0.46153846153846156
C00411,3,2708000.0,4,1.0,LG,Điện tử,1.0
C00412,5,4153000.0,5,0.4166666666666667,LOréal,Mỹ phẩm,0.25
C00413,4,5434666.666666667,2,0.3333333333333333,Apple,Điện tử,0.6666666666666666
C00414,2,14106000.0,3,1.0,Vinamilk,Thực phẩm,1.0
C00415,4,2475400.0,0,0.0,Generic,Thực phẩm,0.4
C00416,4,5164750.0,0,0.0,Generic,Gia dụng,1.0
C00417,5,863857.1428571428,0,0.0,Adidas,Thời trang,0.5714285714285714
C00418,5,2269500.0,7,0.5833333333333334,Local Brand,Gia dụng,0.9166666666666666
C00419,4,3105000.0,5,1.0,Apple,Thực phẩm,0.6
C00420,3,3420250.0,0,0.0,Adidas,Thời trang,1.0
C00421,6,741500.0,5,0.625,Local Brand,Thời trang,0.375
C00422,5,833571.4285714285,2,0.2857142857142857,Adidas,Thời trang,0.7142857142857143
C00423,5,3947222.222222222,2,0.2,Adidas,Thời trang,0.6
C00424,5,1022222.2222222222,4,0.4444444444444444,Local Brand,Gia dụng,0.4444444444444444
C00426,2,460000.0,1,0.25,Vinamilk,Thực phẩm,1.0
C00427,4,3307500.0,2,0.5,Adidas,Gia dụng,1.0
C00429,5,3195181.8181818184,1,0.09090909090909091,Adidas,Gia dụng,0.09090909090909091
C00430,4,1975400.0,3,0.6,Fahasa,Gia dụng,0.4
C00431,4,3744727.272727273,5,0.4166666666666667,Anker,Điện tử,0.3333333333333333
C00432,1,372000.0,0,0.0,Generic,Sách & VPP,1.0
C00433,1,1524000.0,0,0.0,Apple,Điện tử,1.0
C00435,6,2584000.0,7,0.5833333333333334,Generic,Thời trang,0.75
C00436,3,448000.0,7,1.0,Adidas,Gia dụng,1.0
C00437,3,2748666.6666666665,3,1.0,Generic,Gia dụng,0.3333333333333333
C00438,3,1678000.0,3,0.75,TH True,Thực phẩm,1.0
C00439,1,2242500.0,2,1.0,Generic,Gia dụng,0.0
C00442,4,1332333.3333333333,2,0.16666666666666666,Generic,Gia dụng,0.5833333333333334
C00443,4,1504857.142857143,4,0.5714285714285714,Zara,Gia dụng,0.0
C00444,3,2475400.0,1,0.16666666666666666,TH True,Thực phẩm,0.6666666666666666
C00445,3,3132333.3333333335,4,0.6666666666666666,Adidas,Thời trang,0.6666666666666666
C00447,5,2115750.0,5,0.625,Generic,Gia dụng,0.25
C00448,4,7816285.714285715,3,0.42857142857142855,Adidas,Điện tử,0.8571428571428571
C00450,1,3430333.3333333335,0,0.0,Anker,Điện tử,0.0
C00451,5,3593555.5555555555,5,0.5555555555555556,Baseus,Điện tử,0.4444444444444444
C00452,5,2920000.0,4,0.5,Local Brand,Gia dụng,0.5
C00453,4,2082857.142857143,0,0.0,Generic,Gia dụng,0.42857142857142855
C00454,5,4257500.0,5,0.8333333333333334,Apple,Điện tử,1.0
C00455,5,6137428.571428572,5,0.625,Panasonic,Gia dụng,0.5
C00456,3,2658333.3333333335,4,0.5714285714285714,H&M,Thời trang,0.5714285714285714
C00457,6,2039750.0,8,0.8,Local Brand,Gia dụng,0.0
C00458,4,3329000.0,2,0.3333333333333333,Samsung,Gia dụng,0.0
C00459,4,3803250.0,0,0.0,Apple,Thời trang,1.0
C00460,3,6335750.0,4,1.0,Adidas,Thực phẩm,0.0
C00461,3,4976333.333333333,1,0.3333333333333333,Generic,Gia dụng,1.0
C00462,3,4807333.333333333,3,1.0,LG,Gia dụng,1.0
C00463,3,10296333.333333334,1,0.25,Baseus,Điện tử,0.75
C00464,6,2865272.727272727,8,0.5714285714285714,Adidas,Thời trang,0.7857142857142857
C00465,5,3509388.888888889,3,0.16666666666666666,Local Brand,Gia dụng,0.7777777777777778
C00467,2,400666.6666666667,0,0.0,Fahasa,Sách & VPP,0.3333333333333333
C00468,3,5257666.666666667,0,0.0,Adidas,Mỹ phẩm,0.0
C00469,5,2403416.6666666665,10,0.8333333333333334,Innisfree,Thực phẩm,0.5833333333333334
C00470,2,12413500.0,2,1.0,Sony,Thời trang,1.0
C00471,4,954400.0,0,0.0,Local Brand,Thời trang,1.0
C00472,3,3156000.0,0,0.0,Apple,Thực phẩm,0.6
C00473,4,2801857.1428571427,3,0.42857142857142855,Adidas,Thời trang,0.0
C00474,3,1085000.0,2,0.6666666666666666,Adidas,Gia dụng,1.0
C00475,5,3423428.5714285714,0,0.0,Adidas,Thời trang,1.0
C00476,6,1607333.3333333333,7,0.4375,Local Brand,Gia dụng,0.6875
C00477,5,4112900.0,6,0.6,Panasonic,Điện tử,0.3
C00478,2,1034000.0,0,0.0,H&M,Thời trang,0.0
C00479,4,2461500.0,3,0.5,Anker,Điện tử,0.5
C00480,5,2271142.8571428573,5,0.7142857142857143,Generic,Sách & VPP,1.0
C00481,1,588000.0,1,1.0,Adidas,Thời trang,1.0
C00482,2,254500.0,0,0.0,Apple,Gia dụng,0.0
C00483,4,1774000.0,2,0.5,Adidas,Sách & VPP,0.0
C00484,2,1255000.0,2,1.0,Local Brand,Gia dụng,0.5
C00485,5,3029500.0,11,0.6875,Vinamilk,Thực phẩm,0.5
C00486,2,1825166.6666666667,6,1.0,Samsung,Gia dụng,1.0
C00487,6,2847000.0,4,0.5714285714285714,Adidas,Thời trang,0.5714285714285714
C00488,5,3913181.8181818184,9,0.75,Anker,Điện tử,0.5833333333333334
C00489,3,604000.0,1,0.3333333333333333,Generic,Gia dụng,0.0
C00490,2,1696000.0,0,0.0,Vinamilk,Gia dụng,1.0
C00491,4,1286800.0,5,1.0,Local Brand,Mỹ phẩm,0.2
C00492,4,602750.0,0,0.0,Local Brand,Gia dụng,0.75
C00493,2,4527000.0,3,1.0,LG,Gia dụng,1.0
C00494,2,3436500.0,0,0.0,Local Brand,Gia dụng,1.0
C00496,5,1907857.142857143,5,0.7142857142857143,Anker,Thực phẩm,1.0
C00497,4,899833.3333333334,3,0.5,Generic,Sách & VPP,0.5
C00498,5,936166.6666666666,0,0.0,Generic,Thời trang,1.0
C00499,2,1088000.0,0,0.0,Local Brand,Gia dụng,0.0
C00501,4,4353166.666666667,2,0.2857142857142857,Local Brand,Thời trang,0.7142857142857143
C00502,2,8643000.0,2,1.0,Baseus,Gia dụng,1.0
C00503,3,2522200.0,3,0.6,Adidas,Thời trang,0.4
C00504,1,1524000.0,0,0.0,Apple,Điện tử,0.0
C00505,5,645000.0,2,0.4,Generic,Gia dụng,0.6
C00506,5,3640692.3076923075,4,0.3076923076923077,Xiaomi,Gia dụng,0.23076923076923078
C00507,5,3044625.0,0,0.0,Xiaomi,Gia dụng,0.25
C00508,1,1663000.0,0,0.0,H&M,Thời trang,0.0
C00510,2,269000.0,1,0.3333333333333333,Apple,Điện tử,0.6666666666666666
C00511,4,3912500.0,6,0.46153846153846156,Samsung,Gia dụng,0.46153846153846156
C00512,1,594000.0,0,0.0,Generic,Gia dụng,1.0
C00514,2,929000.0,1,0.3333333333333333,Generic,Gia dụng,0.3333333333333333
C00515,4,6139333.333333333,1,0.16666666666666666,Anker,Điện tử,0.16666666666666666
C00516,6,3610222.222222222,3,0.3333333333333333,Generic,Gia dụng,0.5555555555555556
C00517,6,1445125.0,0,0.0,Local Brand,Gia dụng,0.375
C00518,3,3985400.0,5,1.0,H&M,Gia dụng,0.0
C00519,4,2308166.6666666665,5,0.8333333333333334,Baseus,Gia dụng,0.6666666666666666
C00520,2,1096500.0,0,0.0,Anker,Gia dụng,1.0
C00522,5,2535000.0,6,1.0,Anker,Điện tử,0.3333333333333333
C00523,4,2523250.0,6,0.75,Samsung,Gia dụng,0.5
C00524,4,2742692.3076923075,4,0.3076923076923077,Generic,Điện tử,0.5384615384615384
C00526,5,3807714.285714286,3,0.42857142857142855,Fahasa,Sách & VPP,0.5714285714285714
C00529,2,3463500.0,1,0.5,Local Brand,Gia dụng,0.0
C00530,4,2904000.0,4,0.8,TH True,Thực phẩm,0.2
C00531,2,225000.0,2,1.0,Local Brand,Thời trang,0.5
C00532,3,685000.0,2,0.5,Adidas,Thời trang,0.5
C00533,4,2060000.0,3,0.6,Anker,Điện tử,0.6
C00534,4,3565750.0,0,0.0,Generic,Mỹ phẩm,0.0
C00535,4,1232750.0,6,0.75,Local Brand,Gia dụng,0.375
C00536,4,1990222.2222222222,4,0.4444444444444444,Vinamilk,Thực phẩm,0.0
C00537,3,5622800.0,1,0.2,Fahasa,Sách & VPP,1.0
C00538,5,1607666.6666666667,2,0.3333333333333333,Adidas,Gia dụng,1.0
C00539,4,2139142.8571428573,3,0.375,Panasonic,Gia dụng,0.625
C00541,4,859444.4444444445,1,0.1,Generic,Gia dụng,0.8
C00542,5,4368125.0,5,0.5555555555555556,Adidas,Thời trang,0.2222222222222222
C00543,3,3262125.0,4,0.5,Adidas,Thời trang,0.5
C00544,5,1306888.888888889,1,0.1111111111111111,Generic,Gia dụng,0.4444444444444444
C00545,5,4295333.333333333,2,0.16666666666666666,Innisfree,Điện tử,0.0
C00546,3,5525500.0,0,0.0,Apple,Điện tử,0.75
C00547,4,1383600.0,3,0.6,Local Brand,Thực phẩm,0.6
C00550,4,2728875.0,1,0.125,Panasonic,Gia dụng,0.375
C00551,4,5831571.428571428,0,0.0,Generic,Điện tử,1.0
C00554,5,1621500.0,3,0.5,Anker,Điện tử,0.5
C00555,3,966000.0,5,1.0,Generic,Gia dụng,0.8
C00556,6,3078500.0,5,0.5555555555555556,Adidas,Gia dụng,1.0
C00557,1,2189500.0,2,1.0,LG,Gia dụng,1.0
C00558,5,1644166.6666666667,4,0.6666666666666666,Innisfree,Mỹ phẩm,1.0
C00559,5,1263333.3333333333,1,0.125,Local Brand,Mỹ phẩm,0.375
C00560,2,4888500.0,0,0.0,Generic,Sách & VPP,1.0
C00561,4,2399125.0,5,0.625,Anker,Gia dụng,1.0
C00562,4,4569777.777777778,7,0.7,Panasonic,Điện tử,0.0
C00563,3,581000.0,2,0.6666666666666666,Panasonic,Sách & VPP,0.0
C00565,1,10310000.0,0,0.0,Apple,Điện tử,1.0
C00566,5,1698000.0,0,0.0,Anker,Gia dụng,1.0
C00567,5,3819888.888888889,4,0.4,Generic,Điện tử,0.1
C00568,1,353000.0,0,0.0,Generic,Sách & VPP,1.0
C00569,4,966200.0,0,0.0,Adidas,Thời trang,0.0
C00570,2,14368333.333333334,0,0.0,Fahasa,Điện tử,1.0
C00571,5,6147200.0,4,0.8,Fahasa,Gia dụng,0.4
C00572,3,4855333.333333333,0,0.0,Nike,Gia dụng,0.0
C00573,4,5012400.0,9,0.47368421052631576,Samsung,Điện tử,0.8421052631578947
C00575,2,6980750.0,2,0.5,Samsung,Gia dụng,0.5
C00576,2,583500.0,2,1.0,Generic,Gia dụng,1.0
C00578,2,15003000.0,0,0.0,Local Brand,Gia dụng,0.0
C00579,4,10217625.0,3,0.375,H&M,Điện tử,0.0
C00580,5,2879200.0,5,1.0,Apple,Gia dụng,0.2
C00581,3,1399200.0,3,0.6,Adidas,Thời trang,0.4
C00582,2,512000.0,2,0.6666666666666666,Fahasa,Thời trang,0.3333333333333333
C00583,1,281000.0,1,1.0,LOréal,Mỹ phẩm,0.0
C00584,1,281000.0,1,1.0,Local Brand,Thực phẩm,1.0
C00585,1,759000.0,0,0.0,Innisfree,Mỹ phẩm,0.0
C00586,2,1467000.0,2,0.6666666666666666,Adidas,Thời trang,0.0
C00587,2,571666.6666666666,3,1.0,Fahasa,Gia dụng,1.0
C00588,3,1259666.6666666667,0,0.0,Generic,Gia dụng,1.0
C00589,2,5986333.333333333,3,1.0,Baseus,Gia dụng,0.0
C00590,3,6882571.428571428,0,0.0,Anker,Điện tử,0.5714285714285714
C00591,1,2872500.0,0,0.0,LG,Gia dụng,1.0
C00592,1,1801000.0,0,0.0,Anker,Điện tử,0.0
C00593,3,1047000.0,1,0.3333333333333333,Apple,Gia dụng,1.0
C00594,5,723000.0,1,0.16666666666666666,Anker,Điện tử,0.8333333333333334
C00595,3,766500.0,4,1.0,Anker,Gia dụng,0.25
C00596,4,2440000.0,4,0.4444444444444444,Samsung,Thời trang,0.6666666666666666
C00598,2,1479666.6666666667,3,1.0,Local Brand,Thời trang,0.0
C00599,5,2072181.8181818181,4,0.36363636363636365,Generic,Gia dụng,0.6363636363636364
C00600,4,641750.0,2,0.5,Generic,Gia dụng,1.0
C00601,5,4006000.0,0,0.0,Adidas,Thời trang,0.5
C00602,5,8807818.181818182,5,0.45454545454545453,Panasonic,Điện tử,0.45454545454545453
C00603,2,1758500.0,2,1.0,Xiaomi,Gia dụng,0.0
C00604,3,1847666.6666666667,1,0.3333333333333333,Adidas,Gia dụng,0.6666666666666666
C00605,6,4041500.0,3,0.3,Panasonic,Gia dụng,1.0
C00606,5,2851200.0,6,0.6,Adidas,Thời trang,0.8
C00607,3,4644000.0,0,0.0,Xiaomi,Gia dụng,0.875
C00609,6,2470600.0,7,0.7,Local Brand,Điện tử,0.4
C00610,3,749571.4285714285,2,0.2857142857142857,Adidas,Sách & VPP,0.7142857142857143
C00611,3,4393666.666666667,2,0.6666666666666666,Adidas,Thời trang,0.0
C00612,4,4425571.428571428,3,0.3333333333333333,Local Brand,Gia dụng,0.4444444444444444
C00613,5,2890666.6666666665,2,0.25,LG,Gia dụng,0.5
C00614,4,4196333.333333333,0,0.0,H&M,Gia dụng,0.0
C00615,2,8801000.0,3,1.0,Anker,Điện tử,1.0
C00616,2,363000.0,0,0.0,Panasonic,Gia dụng,1.0
C00617,1,663000.0,1,1.0,Samsung,Gia dụng,0.0
C00618,4,1009857.1428571428,0,0.0,Samsung,Gia dụng,0.7142857142857143
C00619,3,4855750.0,0,0.0,Generic,Gia dụng,1.0
C00620,4,1559800.0,0,0.0,Anker,Gia dụng,1.0
C00621,3,9583500.0,1,0.25,Apple,Điện tử,0.75
C00622,3,5517000.0,5,1.0,Adidas,Thời trang,0.6
C00623,6,3510583.3333333335,1,0.08333333333333333,Generic,Điện tử,0.4166666666666667
C00625,3,3741200.0,4,0.8,Anker,Gia dụng,0.2
C00626,1,1715000.0,0,0.0,Adidas,Thời trang,0.0
C00627,5,4626266.666666667,13,0.8666666666666667,Local Brand,Điện tử,0.6666666666666666
C00628,6,4086500.0,5,0.5555555555555556,Local Brand,Gia dụng,0.1111111111111111
C00629,5,696333.3333333334,3,0.375,Generic,Gia dụng,0.375
C00630,3,597000.0,2,0.5,H&M,Gia dụng,0.5
C00631,1,1295000.0,1,1.0,Innisfree,Mỹ phẩm,0.0
C00632,5,2051444.4444444445,5,0.5555555555555556,Anker,Điện tử,0.5555555555555556
C00633,1,1425000.0,0,0.0,Adidas,Thời trang,1.0
C00634,4,789250.0,2,0.5,Generic,Gia dụng,1.0
C00635,2,7435500.0,0,0.0,Panasonic,Thực phẩm,1.0
C00638,5,2766666.6666666665,2,0.3333333333333333,Generic,Điện tử,1.0
C00640,4,2477400.0,5,1.0,Local Brand,Thực phẩm,0.0
C00641,4,3849400.0,5,1.0,Baseus,Gia dụng,1.0
C00642,4,656000.0,3,0.75,Adidas,Gia dụng,0.75
C00643,5,3004777.777777778,7,0.7777777777777778,Local Brand,Gia dụng,0.7777777777777778
C00644,4,2277000.0,1,0.25,Anker,Gia dụng,0.0
C00645,4,858200.0,4,0.8,Adidas,Thực phẩm,0.2
C00646,3,3608200.0,4,0.8,Adidas,Thời trang,1.0
C00647,3,831750.0,0,0.0,Adidas,Thời trang,0.75
C00648,1,,0,0.0,Panasonic,Gia dụng,0.0
C00649,5,1874571.4285714286,5,0.7142857142857143,Xiaomi,Gia dụng,0.5714285714285714
C00650,3,432333.3333333333,0,0.0,Fahasa,Gia dụng,0.0
C00651,4,240600.0,0,0.0,Generic,Thực phẩm,0.0
C00652,3,1004000.0,2,0.6666666666666666,Local Brand,Gia dụng,0.6666666666666666
C00653,3,1768000.0,3,1.0,Generic,Gia dụng,0.0
C00656,3,2111000.0,1,0.14285714285714285,Samsung,Gia dụng,0.42857142857142855
C00657,6,2546636.3636363638,7,0.6363636363636364,Local Brand,Gia dụng,0.36363636363636365
C00658,4,1716500.0,3,0.75,Apple,Gia dụng,0.75
C00659,1,105000.0,0,0.0,Vinamilk,Thực phẩm,0.0
C00660,4,4643100.0,9,0.75,Local Brand,Gia dụng,0.8333333333333334
C00661,2,6044000.0,0,0.0,Apple,Mỹ phẩm,0.0
C00662,2,5657333.333333333,0,0.0,Anker,Điện tử,0.0
C00663,4,2936800.0,6,1.0,Samsung,Gia dụng,0.5
C00664,3,216333.33333333334,4,1.0,Local Brand,Thời trang,1.0
C00665,4,1141000.0,3,0.5,Adidas,Thời trang,0.5
C00666,3,915666.6666666666,2,0.6666666666666666,Generic,Gia dụng,0.0
C00667,5,5818333.333333333,18,0.9473684210526315,Sony,Điện tử,0.631578947368421
C00668,5,3977125.0,7,0.875,Innisfree,Mỹ phẩm,0.125
C00669,4,1787400.0,1,0.2,Adidas,Thời trang,0.0
C00670,3,5119333.333333333,0,0.0,Generic,Sách & VPP,1.0
C00672,3,2213000.0,3,0.5,Generic,Sách & VPP,0.16666666666666666
C00673,3,721666.6666666666,2,0.6666666666666666,Anker,Sách & VPP,1.0
C00674,4,165500.0,4,1.0,Fahasa,Gia dụng,0.0
C00675,3,1475500.0,3,0.6,Anker,Gia dụng,0.6
C00677,4,5103666.666666667,5,0.8333333333333334,Adidas,Thời trang,0.8333333333333334
C00678,4,621750.0,4,1.0,Fahasa,Mỹ phẩm,0.25
C00679,4,1064250.0,1,0.25,Adidas,Gia dụng,1.0
C00680,2,7103250.0,4,1.0,Anker,Gia dụng,1.0
C00682,2,1914000.0,0,0.0,Zara,Thời trang,1.0
C00683,2,1772000.0,0,0.0,Innisfree,Mỹ phẩm,1.0
C00684,3,2559000.0,0,0.0,Anker,Gia dụng,1.0
C00685,2,28089000.0,1,0.5,LG,Gia dụng,0.5
C00686,6,1776785.7142857143,4,0.2857142857142857,Generic,Sách & VPP,0.35714285714285715
C00687,4,1973333.3333333333,2,0.3333333333333333,Xiaomi,Gia dụng,0.6666666666666666
C00688,2,842000.0,2,1.0,Apple,Thời trang,0.0
C00689,4,780166.6666666666,5,0.625,LG,Điện tử,1.0
C00690,4,2973714.285714286,0,0.0,Xiaomi,Gia dụng,0.8571428571428571
C00691,2,1685000.0,0,0.0,Zara,Thời trang,0.0
C00692,2,245000.0,0,0.0,Vinamilk,Thực phẩm,0.0
C00693,4,2115800.0,0,0.0,Adidas,Thời trang,0.8
C00694,3,4003200.0,1,0.2,Generic,Gia dụng,0.6
C00695,1,999000.0,0,0.0,Local Brand,Gia dụng,0.0
C00696,3,1016333.3333333334,1,0.3333333333333333,Local Brand,Sách & VPP,0.6666666666666666
C00697,2,2852666.6666666665,1,0.25,Anker,Điện tử,1.0
C00698,5,5275937.5,8,0.47058823529411764,Baseus,Điện tử,0.5294117647058824
C00699,4,3481000.0,5,0.7142857142857143,Apple,Điện tử,0.5714285714285714
C00700,6,783750.0,6,0.46153846153846156,Adidas,Mỹ phẩm,0.3076923076923077
C00701,3,2772500.0,6,1.0,Xiaomi,Gia dụng,1.0
C00702,1,756000.0,1,1.0,Anker,Điện tử,1.0
C00703,6,2525214.285714286,5,0.3333333333333333,Adidas,Gia dụng,0.4666666666666667
C00705,2,397000.0,0,0.0,Adidas,Thời trang,1.0
C00706,1,6925000.0,0,0.0,Samsung,Gia dụng,0.0
C00707,2,2801000.0,0,0.0,LG,Gia dụng,1.0
C00708,1,1595000.0,1,1.0,Xiaomi,Điện tử,0.0
C00709,2,2418666.6666666665,3,1.0,LG,Gia dụng,0.0
C00710,5,2702400.0,8,0.8,Local Brand,Mỹ phẩm,0.0
C00711,3,5250666.666666667,3,1.0,Generic,Gia dụng,1.0
C00712,1,1749000.0,0,0.0,LG,Gia dụng,1.0
C00713,4,1341200.0,3,0.6,TH True,Thực phẩm,0.4
C00715,2,3499000.0,0,0.0,Anker,Mỹ phẩm,0.0
C00716,6,2222400.0,7,0.7,LOréal,Gia dụng,0.7
C00717,1,1477000.0,3,0.75,Adidas,Thời trang,0.0
C00718,4,586000.0,1,0.2,Generic,Sách & VPP,0.4
C00719,1,2859000.0,0,0.0,Adidas,Thời trang,0.0
C00720,2,938500.0,2,1.0,Innisfree,Mỹ phẩm,0.0
C00721,5,2361625.0,2,0.25,Xiaomi,Điện tử,0.75
C00722,3,1620333.3333333333,1,0.25,Innisfree,Điện tử,0.0
C00723,1,11143000.0,0,0.0,Baseus,Điện tử,0.0
C00724,3,5692333.333333333,0,0.0,Adidas,Gia dụng,1.0
C00725,2,1907000.0,1,0.5,Panasonic,Gia dụng,0.0
C00726,3,2171333.3333333335,0,0.0,Anker,Sách & VPP,0.6666666666666666
C00727,4,1111142.857142857,4,0.5714285714285714,Panasonic,Gia dụng,0.5714285714285714
C00728,1,2254333.3333333335,2,0.5,Adidas,Thời trang,0.0
C00729,3,1460800.0,0,0.0,Local Brand,Gia dụng,0.6
C00730,5,2438142.8571428573,0,0.0,Local Brand,Gia dụng,0.42857142857142855
C00731,1,6369000.0,0,0.0,Anker,Điện tử,1.0
C00732,3,1788800.0,5,1.0,Samsung,Gia dụng,0.6
C00733,2,1620000.0,2,1.0,LOréal,Gia dụng,1.0
C00734,4,670222.2222222222,5,0.5,Generic,Gia dụng,0.3
C00735,3,678333.3333333334,2,0.6666666666666666,Apple,Mỹ phẩm,0.6666666666666666
C00736,4,4341125.0,4,0.5,Local Brand,Thực phẩm,0.125
C00737,4,3206500.0,1,0.16666666666666666,Samsung,Gia dụng,0.6666666666666666
C00738,3,3794600.0,2,0.2,Apple,Gia dụng,0.6
C00739,4,2813750.0,4,0.5,Local Brand,Điện tử,1.0
C00740,4,2338000.0,6,0.75,Innisfree,Thực phẩm,0.375
C00741,2,1537250.0,0,0.0,Generic,Gia dụng,1.0
C00742,5,1458100.0,4,0.4,Adidas,Thời trang,0.4
C00743,2,6037250.0,3,0.75,Apple,Điện tử,0.5
C00744,4,5574833.333333333,2,0.3333333333333333,Innisfree,Gia dụng,1.0
C00745,4,3436200.0,0,0.0,Adidas,Gia dụng,0.5
C00747,2,12126333.333333334,3,1.0,Sony,Điện tử,1.0
C00748,4,1384166.6666666667,5,0.8333333333333334,Adidas,Mỹ phẩm,0.6666666666666666
C00749,6,2169818.1818181816,13,0.5909090909090909,Adidas,Thời trang,0.7272727272727273
C00750,3,1096500.0,4,1.0,Adidas,Gia dụng,0.5
C00751,3,4309000.0,1,0.14285714285714285,Anker,Gia dụng,0.8571428571428571
C00752,3,982500.0,0,0.0,H&M,Gia dụng,0.3333333333333333
C00753,2,9437800.0,4,0.8,Anker,Điện tử,0.8
C00754,5,1983100.0,11,1.0,LOréal,Gia dụng,0.0
C00755,4,4263000.0,6,0.75,Local Brand,Điện tử,1.0
C00758,2,480000.0,3,1.0,Generic,Sách & VPP,0.6666666666666666
C00759,1,259000.0,1,0.5,Generic,Gia dụng,0.5
C00761,3,4672333.333333333,3,1.0,Baseus,Gia dụng,1.0
C00762,1,11938000.0,1,1.0,Anker,Điện tử,1.0
C00763,4,2791166.6666666665,6,1.0,LG,Gia dụng,0.6666666666666666
C00765,3,1076400.0,3,0.6,Adidas,Gia dụng,1.0
C00766,5,2331166.6666666665,4,0.6666666666666666,Anker,Điện tử,0.5
C00767,5,7025666.666666667,2,0.2857142857142857,Generic,Điện tử,0.7142857142857143
C00769,4,5198666.666666667,3,0.5,Adidas,Thời trang,0.5
C00770,1,424000.0,1,1.0,Innisfree,Mỹ phẩm,1.0
C00771,5,3256571.4285714286,4,0.5,Generic,Gia dụng,0.5
C00772,1,1336000.0,1,1.0,H&M,Thời trang,0.0
C00773,2,2008333.3333333333,3,1.0,Local Brand,Gia dụng,1.0
C00774,4,7655750.0,2,0.4,Apple,Điện tử,1.0
C00775,1,1257000.0,0,0.0,Adidas,Thời trang,1.0
C00776,4,2158555.5555555555,7,0.7777777777777778,Generic,Gia dụng,0.6666666666666666
C00777,2,722750.0,0,0.0,LOréal,Mỹ phẩm,1.0
C00780,4,1751333.3333333333,0,0.0,Local Brand,Gia dụng,0.3333333333333333
C00781,1,748000.0,0,0.0,Nike,Thời trang,0.0
C00782,4,1843666.6666666667,1,0.16666666666666666,Innisfree,Gia dụng,0.8333333333333334
C00783,4,1776625.0,3,0.375,Adidas,Gia dụng,0.75
C00784,6,2208400.0,12,0.75,Adidas,Thời trang,0.375
C00785,4,6100285.714285715,4,0.5714285714285714,Anker,Điện tử,1.0
C00786,3,5130400.0,4,0.8,Xiaomi,Gia dụng,0.0
C00787,5,2990636.3636363638,9,0.8181818181818182,Samsung,Thực phẩm,0.18181818181818182
C00788,4,1921400.0,8,0.8,Vinamilk,Thực phẩm,0.7
C00789,5,1047545.4545454546,8,0.6666666666666666,Generic,Gia dụng,0.08333333333333333
C00790,4,3766250.0,1,0.2,Local Brand,Gia dụng,0.8
C00791,5,4462166.666666667,5,0.8333333333333334,Generic,Sách & VPP,0.0
C00792,4,1603200.0,2,0.4,Anker,Gia dụng,0.6
C00793,5,3642100.0,3,0.2727272727272727,Generic,Gia dụng,0.6363636363636364
C00794,4,2529600.0,0,0.0,Xiaomi,Mỹ phẩm,0.0
C00795,4,1095285.7142857143,7,1.0,Innisfree,Gia dụng,1.0
C00796,4,5411125.0,4,0.5,Local Brand,Thực phẩm,0.375
C00797,4,2699500.0,2,0.25,Adidas,Gia dụng,0.75
C00798,4,834900.0,11,1.0,Generic,Gia dụng,0.45454545454545453
C00799,4,1249200.0,2,0.4,Local Brand,Mỹ phẩm,0.4
C00800,5,927636.3636363636,4,0.36363636363636365,Generic,Gia dụng,0.5454545454545454
