customer_id,gender,birth_year,city,registration_date,acquisition_channel,birth_year_missing_flag,registration_date_clean
C00001,F,1979.0,Hải Phòng,2024-05-24,Facebook,0,2024-05-24
C00002,M,1990.0,Biên Hòa,2025-04-06,Referral,0,2025-04-06
C00003,F,1987.0,,2023-08-11,Shopee,0,2023-08-11
C00004,F,1966.0,TP.HCM,2025-04-26,Referral,0,2025-04-26
C00005,F,1967.0,TP.HCM,,Shopee,0,
C00006,F,1992.0,Vũng Tàu,2024-05-19,Google,0,2024-05-19
C00007,M,1981.0,Hà Nội,2024-06-29,Shopee,0,2024-06-29
C00008,M,1986.0,Nha Trang,2023-06-02,Google,1,2023-06-02
C00009,F,2004.0,Biên Hòa,2025-04-11,Google,0,2025-04-11
C00010,F,1997.0,Cần Thơ,2025-06-07,Shopee,0,2025-06-07
C00011,F,1983.0,Bắc Ninh,2024-04-30,Zalo,0,2024-04-30
C00012,F,1989.0,Buôn Ma Thuột,2023-12-14,Zalo,0,2023-12-14
C00013,F,1990.0,Bắc Ninh,2025-02-20,Facebook,0,2025-02-20
C00014,F,1978.0,Nha Trang,2024-04-07,Walk-in,0,2024-04-07
C00015,F,1993.0,Buôn Ma Thuột,2024-09-19,TikTok,0,2024-09-19
C00016,F,1975.0,Buôn Ma Thuột,2024-11-05,Google,0,2024-11-05
C00017,F,1970.0,Khác,2024-03-17,TikTok,0,2024-03-17
C00018,F,1979.0,Khác,2025-04-19,TikTok,0,2025-04-19
C00019,,1967.0,Hải Phòng,2023-10-29,Website,0,2023-10-29
C00020,M,1994.0,Nha Trang,2025-02-15,TikTok,0,2025-02-15
C00021,F,1996.0,Nha Trang,2025-06-05,TikTok,0,2025-06-05
C00022,,1971.0,Khác,2023-10-30,Shopee,0,2023-10-30
C00023,M,1998.0,Huế,2024-01-11,Facebook,0,2024-01-11
C00024,M,1972.0,Huế,2024-12-22,Zalo,0,2024-12-22
C00025,F,1986.0,Vũng Tàu,2024-09-18,Shopee,1,2024-09-18
C00026,F,1975.0,Thủ Đức,2024-12-13,Website,0,2024-12-13
C00027,F,1980.0,Buôn Ma Thuột,2024-09-03,Referral,0,2024-09-03
C00028,F,2005.0,Hải Phòng,2024-11-15,Referral,0,2024-11-15
C00029,M,1983.0,Hải Phòng,2024-08-24,Referral,0,2024-08-24
C00030,F,1999.0,TP.HCM,2024-05-09,Zalo,0,2024-05-09
C00031,0,1989.0,,2023-11-02,Zalo,0,2023-11-02
C00032,M,1969.0,Nha Trang,2025-05-24,Shopee,0,2025-05-24
C00033,F,1991.0,Hà Nội,2024-05-04,TikTok,0,2024-05-04
C00034,F,2002.0,Thủ Đức,2024-08-04,Facebook,0,2024-08-04
C00035,F,1995.0,Hà Nội,2025-01-10,Walk-in,0,2025-01-10
C00036,F,1991.0,Bắc Ninh,2024-04-01,TikTok,0,2024-04-01
C00037,M,1982.0,Nha Trang,2024-10-12,Website,0,2024-10-12
C00038,F,1986.0,Buôn Ma Thuột,2023-06-30,Shopee,0,2023-06-30
C00039,M,1994.0,Đà Nẵng,2025-06-11,Facebook,0,2025-06-11
C00040,M,1970.0,Buôn Ma Thuột,2024-07-08,Shopee,0,2024-07-08
C00041,F,1976.0,Hà Nội,2023-10-17,Referral,0,2023-10-17
C00042,F,1978.0,Huế,2024-06-23,Walk-in,0,2024-06-23
C00043,F,1982.0,Khác,2024-05-11,Shopee,0,2024-05-11
C00044,M,1995.0,Hà Nội,2024-02-14,Facebook,0,2024-02-14
C00045,M,2006.0,,2024-05-24,Facebook,0,2024-05-24
C00046,M,1977.0,Hà Nội,2023-07-02,Zalo,0,2023-07-02
C00047,M,1995.0,Buôn Ma Thuột,2024-01-31,Google,0,2024-01-31
C00048,M,1994.0,Thủ Đức,2024-12-29,Referral,0,2024-12-29
C00049,M,2003.0,Vũng Tàu,2024-06-12,Google,0,2024-06-12
C00050,F,1971.0,,2023-11-15,Facebook,0,2023-11-15
C00051,F,1990.0,Thủ Đức,2024-04-15,TikTok,0,2024-04-15
C00052,M,1971.0,Thủ Đức,2023-08-17,Referral,0,2023-08-17
C00053,M,2001.0,Khác,2025-05-01,Facebook,0,2025-05-01
C00054,F,1988.0,TP.HCM,2024-05-21,Walk-in,0,2024-05-21
C00055,F,1996.0,TP.HCM,2023-06-13,,0,2023-06-13
C00056,,1974.0,Nha Trang,2024-06-05,Zalo,0,2024-06-05
C00057,F,2004.0,Khác,2025-06-21,,0,2025-06-21
C00058,F,2002.0,Cần Thơ,2024-09-19,Walk-in,0,2024-09-19
C00059,,1982.0,Huế,2024-02-07,TikTok,0,2024-02-07
C00060,F,1986.0,Hà Nội,2024-09-18,Website,0,2024-09-18
C00061,M,1996.0,Hải Phòng,2024-04-28,Walk-in,0,2024-04-28
C00062,F,1982.0,Vũng Tàu,2024-02-20,,0,2024-02-20
C00063,M,1986.0,Hải Phòng,2024-12-21,Google,1,2024-12-21
C00064,F,1986.0,,2024-02-03,TikTok,1,2024-02-03
C00065,F,2006.0,Thủ Đức,2025-05-08,Website,0,2025-05-08
C00066,M,1970.0,Cần Thơ,2024-09-01,TikTok,0,2024-09-01
C00067,M,1984.0,Buôn Ma Thuột,2024-07-19,Walk-in,0,2024-07-19
C00068,F,1992.0,Thủ Đức,2024-09-27,Walk-in,0,2024-09-27
C00069,0,1982.0,Cần Thơ,2024-05-26,Referral,0,2024-05-26
C00070,M,1986.0,Biên Hòa,01-2024-15,Google,1,
C00071,M,1977.0,Hải Phòng,2025-06-30,Website,0,2025-06-30
C00072,F,1971.0,Hải Phòng,2024-03-10,Referral,0,2024-03-10
C00073,F,1976.0,Cần Thơ,2024-01-19,Facebook,0,2024-01-19
C00074,M,1982.0,Hà Nội,2025-05-26,Facebook,0,2025-05-26
C00075,F,1973.0,Buôn Ma Thuột,2024-12-18,Website,0,2024-12-18
C00076,M,2001.0,Cần Thơ,2023-09-14,Website,0,2023-09-14
C00077,F,1986.0,,2024-10-03,Facebook,0,2024-10-03
C00078,F,1972.0,TP.HCM,2024-02-14,Shopee,0,2024-02-14
C00079,M,2001.0,Buôn Ma Thuột,2024-10-16,Facebook,0,2024-10-16
C00080,M,2001.0,Cần Thơ,2023-11-03,Google,0,2023-11-03
C00081,M,1986.0,Khác,2024-02-10,Shopee,1,2024-02-10
C00082,M,1998.0,Nha Trang,2025-02-10,Website,0,2025-02-10
C00083,F,2002.0,Nha Trang,2024-08-27,,0,2024-08-27
C00084,M,2004.0,Thủ Đức,2025-01-03,Google,0,2025-01-03
C00085,M,1981.0,Buôn Ma Thuột,2023-12-30,Google,0,2023-12-30
C00086,M,1976.0,Bắc Ninh,2023-11-08,Google,0,2023-11-08
C00087,M,1991.0,Huế,2023-11-08,Website,0,2023-11-08
C00088,,1979.0,Cần Thơ,2024-03-25,Referral,0,2024-03-25
C00089,F,1969.0,Buôn Ma Thuột,2025-05-20,TikTok,0,2025-05-20
C00090,M,1992.0,TP.HCM,2024-02-26,TikTok,0,2024-02-26
C00091,M,1982.0,Đà Nẵng,2025-03-25,Google,0,2025-03-25
C00092,M,1984.0,Vũng Tàu,2023-08-01,Referral,0,2023-08-01
C00093,M,1994.0,Thủ Đức,2024-08-23,Referral,0,2024-08-23
C00094,F,1982.0,Bắc Ninh,2025-05-17,Website,0,2025-05-17
C00095,,2003.0,Hà Nội,2024-08-22,,0,2024-08-22
C00096,F,2003.0,Cần Thơ,2025-06-22,Facebook,0,2025-06-22
C00097,M,2001.0,Vũng Tàu,2023-09-02,Facebook,0,2023-09-02
C00098,F,1986.0,Hà Nội,2025-04-19,Zalo,1,2025-04-19
C00099,F,1982.0,Đà Nẵng,2024-09-24,Shopee,0,2024-09-24
C00100,F,1986.0,Huế,2025-03-12,Walk-in,1,2025-03-12
C00101,F,1985.0,Buôn Ma Thuột,2024-07-23,Google,0,2024-07-23
C00102,F,1991.0,Thủ Đức,2023-11-12,Website,0,2023-11-12
C00103,F,2000.0,Hà Nội,2024-03-22,Website,0,2024-03-22
C00104,F,1981.0,Biên Hòa,2023-08-30,Google,0,2023-08-30
C00105,M,1999.0,Huế,2024-07-18,Shopee,0,2024-07-18
C00106,M,1998.0,Biên Hòa,2023-07-26,Website,0,2023-07-26
C00107,F,1968.0,Hải Phòng,2025-03-02,Referral,0,2025-03-02
C00108,M,1983.0,Huế,2024-12-14,Website,0,2024-12-14
C00109,M,2005.0,Vũng Tàu,2023-10-03,TikTok,0,2023-10-03
C00110,M,1984.0,Bắc Ninh,2025-05-27,Facebook,0,2025-05-27
C00111,F,1970.0,Hải Phòng,2024-12-17,Google,0,2024-12-17
C00112,M,2006.0,Đà Nẵng,2024-09-15,Website,0,2024-09-15
C00113,F,1997.0,Thủ Đức,2025-06-03,Referral,0,2025-06-03
C00114,F,1995.0,Hải Phòng,2024-07-30,Website,0,2024-07-30
C00115,M,1989.0,Hải Phòng,2024-12-16,Zalo,0,2024-12-16
C00116,F,1991.0,Biên Hòa,2023-08-11,Referral,0,2023-08-11
C00117,F,1984.0,,2023-06-03,Website,0,2023-06-03
C00118,F,1999.0,Huế,2023-10-31,Walk-in,0,2023-10-31
C00119,F,1994.0,Biên Hòa,2024-05-06,TikTok,0,2024-05-06
C00120,M,2001.0,Nha Trang,2025-05-15,TikTok,0,2025-05-15
C00121,M,1986.0,Thủ Đức,2024-07-25,Website,1,2024-07-25
C00122,F,1989.0,Buôn Ma Thuột,2025-05-23,Zalo,0,2025-05-23
C00123,M,1986.0,Bắc Ninh,2024-10-20,Walk-in,1,2024-10-20
C00124,F,1986.0,Bắc Ninh,2023-09-11,Website,1,2023-09-11
C00125,M,1991.0,Buôn Ma Thuột,2023-06-16,Zalo,0,2023-06-16
C00126,F,1981.0,Biên Hòa,2023-08-16,Shopee,0,2023-08-16
C00127,M,1986.0,Buôn Ma Thuột,2025-03-27,Shopee,0,2025-03-27
C00128,F,1999.0,Hà Nội,2024-04-20,Google,0,2024-04-20
C00129,F,1979.0,Thủ Đức,2024-01-27,Google,0,2024-01-27
C00130,M,2005.0,Thủ Đức,2024-08-18,Google,0,2024-08-18
C00131,M,1984.0,Hà Nội,2024-08-28,Facebook,0,2024-08-28
C00132,M,1983.0,Biên Hòa,2024-04-28,Walk-in,0,2024-04-28
C00133,M,1980.0,Bắc Ninh,2024-08-15,,0,2024-08-15
C00134,M,1975.0,Đà Nẵng,2024-12-31,Google,0,2024-12-31
C00135,F,2004.0,Buôn Ma Thuột,2025-02-14,TikTok,0,2025-02-14
C00136,,1979.0,Huế,2024-10-22,,0,2024-10-22
C00137,F,1965.0,,2024-09-13,Website,0,2024-09-13
C00138,M,1969.0,Huế,2024-03-21,Walk-in,0,2024-03-21
C00139,F,2005.0,Nha Trang,2025-01-22,Referral,0,2025-01-22
C00140,F,1977.0,Nha Trang,2024-09-10,Website,0,2024-09-10
C00141,,1989.0,Vũng Tàu,2023-09-18,Walk-in,0,2023-09-18
C00142,,1983.0,Hà Nội,2025-01-09,Shopee,0,2025-01-09
C00143,M,2001.0,Buôn Ma Thuột,2024-03-08,,0,2024-03-08
C00144,F,1983.0,Khác,2025-02-10,TikTok,0,2025-02-10
C00145,F,1979.0,Buôn Ma Thuột,2025-02-11,TikTok,0,2025-02-11
C00146,F,1973.0,Buôn Ma Thuột,2025-02-25,Google,0,2025-02-25
C00147,M,1984.0,Khác,2025-03-04,Website,0,2025-03-04
C00148,F,1973.0,TP.HCM,2023-07-05,Referral,0,2023-07-05
C00149,F,1976.0,Hải Phòng,2024-04-30,Zalo,0,2024-04-30
C00150,F,1998.0,Bắc Ninh,2024-12-04,Referral,0,2024-12-04
C00151,F,1995.0,Khác,2023-11-16,Referral,0,2023-11-16
C00152,M,1994.0,,2024-05-12,Zalo,0,2024-05-12
C00153,F,2000.0,Biên Hòa,2024-01-18,Google,0,2024-01-18
C00154,M,1981.0,,2024-07-09,,0,2024-07-09
C00155,F,1981.0,Vũng Tàu,2024-09-08,Shopee,0,2024-09-08
C00156,F,1971.0,Buôn Ma Thuột,2025-03-15,TikTok,0,2025-03-15
C00157,M,2004.0,Bắc Ninh,2024-09-25,Walk-in,0,2024-09-25
C00158,M,2006.0,TP.HCM,2025-02-14,Website,0,2025-02-14
C00159,F,2006.0,Nha Trang,2025-05-18,,0,2025-05-18
C00160,M,1967.0,Cần Thơ,2023-10-22,Website,0,2023-10-22
C00161,X,1980.0,Bắc Ninh,2023-09-27,Zalo,0,2023-09-27
C00162,F,1988.0,Buôn Ma Thuột,2024-07-02,Shopee,0,2024-07-02
C00163,,1991.0,Buôn Ma Thuột,,Google,0,
C00164,F,1982.0,Hà Nội,2024-10-14,Walk-in,0,2024-10-14
C00165,F,1993.0,Hải Phòng,2024-01-09,,0,2024-01-09
C00166,F,1999.0,Buôn Ma Thuột,2023-09-10,Walk-in,0,2023-09-10
C00167,F,1982.0,Hải Phòng,2023-08-02,Google,0,2023-08-02
C00168,M,1978.0,Buôn Ma Thuột,2024-09-08,Facebook,0,2024-09-08
C00169,F,1980.0,Đà Nẵng,2023-07-22,TikTok,0,2023-07-22
C00170,M,2002.0,Hải Phòng,2023-08-10,,0,2023-08-10
C00171,M,2003.0,Hà Nội,2024-05-02,Referral,0,2024-05-02
C00172,M,1999.0,,2023-10-27,Zalo,0,2023-10-27
C00173,M,1973.0,Hà Nội,2023-09-21,Walk-in,0,2023-09-21
C00174,F,1966.0,Đà Nẵng,2024-01-30,Referral,0,2024-01-30
C00175,M,1991.0,Bắc Ninh,2023-07-24,Google,0,2023-07-24
C00176,F,1993.0,Khác,2023-08-05,Walk-in,0,2023-08-05
C00177,M,1993.0,Bắc Ninh,2024-11-07,TikTok,0,2024-11-07
C00178,M,1998.0,Cần Thơ,2025-02-19,Website,0,2025-02-19
C00179,M,1968.0,Huế,2025-03-20,Shopee,0,2025-03-20
C00180,M,1996.0,Thủ Đức,2024-08-10,Website,0,2024-08-10
C00181,M,1985.0,Vũng Tàu,2023-08-15,Zalo,0,2023-08-15
C00182,M,1982.0,Vũng Tàu,2023-08-07,Walk-in,0,2023-08-07
C00183,,1994.0,Bắc Ninh,2024-06-25,Shopee,0,2024-06-25
C00184,M,2006.0,Buôn Ma Thuột,2023-09-10,TikTok,0,2023-09-10
C00185,,1979.0,Nha Trang,2024-08-14,Walk-in,0,2024-08-14
C00186,,1991.0,Thủ Đức,2024-09-07,Google,0,2024-09-07
C00187,F,1985.0,Buôn Ma Thuột,2024-04-16,Referral,0,2024-04-16
C00188,M,1995.0,TP.HCM,2024-06-18,Google,0,2024-06-18
C00189,M,1992.0,TP.HCM,2023-08-27,Walk-in,0,2023-08-27
C00190,M,2002.0,Bắc Ninh,2023-10-12,Walk-in,0,2023-10-12
C00191,M,1991.0,Biên Hòa,2025-04-17,Shopee,0,2025-04-17
C00192,M,1983.0,Vũng Tàu,2025-06-08,Referral,0,2025-06-08
C00193,M,2001.0,Bắc Ninh,2024-05-26,TikTok,0,2024-05-26
C00194,F,1979.0,TP.HCM,2023-11-06,Walk-in,0,2023-11-06
C00195,F,1972.0,Khác,2024-12-21,Referral,0,2024-12-21
C00196,M,1992.0,Bắc Ninh,2025-01-08,Facebook,0,2025-01-08
C00197,F,1966.0,Đà Nẵng,2025-02-13,Referral,0,2025-02-13
C00198,,1986.0,Biên Hòa,2025-05-20,Facebook,0,2025-05-20
C00199,M,2001.0,Buôn Ma Thuột,2024-00-00,Shopee,0,
C00200,M,2005.0,Hà Nội,2023-08-11,Google,0,2023-08-11
C00201,M,1989.0,Nha Trang,2024-11-25,Website,0,2024-11-25
C00202,M,1988.0,Cần Thơ,2024-05-15,Walk-in,0,2024-05-15
C00203,M,1968.0,Đà Nẵng,2025-01-02,Zalo,0,2025-01-02
C00204,M,1970.0,Cần Thơ,2025-02-22,Website,0,2025-02-22
C00205,F,1996.0,Vũng Tàu,2025-04-08,Website,0,2025-04-08
C00206,F,1978.0,Khác,2024-07-29,Google,0,2024-07-29
C00207,,1972.0,Cần Thơ,2024-05-19,Website,0,2024-05-19
C00208,F,1967.0,Hải Phòng,2024-11-21,Shopee,0,2024-11-21
C00209,M,1965.0,Hải Phòng,2025-02-03,Referral,0,2025-02-03
C00210,M,1986.0,Cần Thơ,2024-01-03,Walk-in,1,2024-01-03
C00211,M,1996.0,Thủ Đức,2023-10-01,Shopee,0,2023-10-01
C00212,M,1989.0,Bắc Ninh,2023-11-27,,0,2023-11-27
C00213,F,1969.0,Nha Trang,2024-10-25,Facebook,0,2024-10-25
C00214,M,1994.0,TP.HCM,2024-08-20,Walk-in,0,2024-08-20
C00215,F,2001.0,Nha Trang,2025-01-10,Shopee,0,2025-01-10
C00216,M,1990.0,Hà Nội,2024-03-23,Walk-in,0,2024-03-23
C00217,F,1988.0,TP.HCM,2023-11-23,Shopee,0,2023-11-23
C00218,M,1992.0,Vũng Tàu,2023-09-17,Shopee,0,2023-09-17
C00219,M,1986.0,Cần Thơ,2024-11-18,Walk-in,1,2024-11-18
C00220,F,1975.0,,2024-01-13,Google,0,2024-01-13
C00221,M,1987.0,,2024-11-25,Zalo,0,2024-11-25
C00222,,1974.0,Cần Thơ,2024-01-28,TikTok,0,2024-01-28
C00223,M,2006.0,TP.HCM,2023-11-25,Zalo,0,2023-11-25
C00224,F,1994.0,Khác,2025-03-05,Website,0,2025-03-05
C00225,F,2005.0,Biên Hòa,2025-04-28,Zalo,0,2025-04-28
C00226,M,1995.0,Huế,2024-08-24,Referral,0,2024-08-24
C00227,M,1987.0,Bắc Ninh,2024-03-08,,0,2024-03-08
C00228,,1993.0,Hà Nội,2024-04-13,Facebook,0,2024-04-13
C00229,F,1969.0,Buôn Ma Thuột,2024-06-12,Google,0,2024-06-12
C00230,F,1994.0,Vũng Tàu,2025-02-19,Facebook,0,2025-02-19
C00231,M,1985.0,Vũng Tàu,2024-09-03,,0,2024-09-03
C00232,M,1968.0,Huế,2024-10-26,Google,0,2024-10-26
C00233,M,1997.0,Buôn Ma Thuột,2024-05-17,Zalo,0,2024-05-17
C00234,M,1993.0,Huế,2023-07-11,Zalo,0,2023-07-11
C00235,F,1983.0,Nha Trang,2024-06-07,Shopee,0,2024-06-07
C00236,M,2005.0,Buôn Ma Thuột,2024-05-12,Walk-in,0,2024-05-12
C00237,F,1971.0,Bắc Ninh,2023-08-07,Shopee,0,2023-08-07
C00238,F,2003.0,Đà Nẵng,2024-03-17,Walk-in,0,2024-03-17
C00239,M,1987.0,Cần Thơ,2023-08-23,Shopee,0,2023-08-23
C00240,M,1984.0,Bắc Ninh,2023-10-11,Shopee,0,2023-10-11
C00241,F,1973.0,Buôn Ma Thuột,2025-03-20,Google,0,2025-03-20
C00242,F,1997.0,Biên Hòa,2025-03-23,Facebook,0,2025-03-23
C00243,F,1976.0,Hải Phòng,2024-06-06,Walk-in,0,2024-06-06
C00244,M,1979.0,Đà Nẵng,2024-10-10,Zalo,0,2024-10-10
C00245,F,1986.0,Bắc Ninh,2023-08-19,Facebook,1,2023-08-19
C00246,Unknown,2004.0,Đà Nẵng,2025-04-08,Shopee,0,2025-04-08
C00247,M,1976.0,Thủ Đức,2023-11-05,Zalo,0,2023-11-05
C00248,F,1967.0,Nha Trang,2025-06-08,Walk-in,0,2025-06-08
C00249,M,1993.0,Vũng Tàu,2025-04-23,Referral,0,2025-04-23
C00250,M,1999.0,Hải Phòng,2024-09-02,Referral,0,2024-09-02
C00251,M,1988.0,Buôn Ma Thuột,2024-09-23,Website,0,2024-09-23
C00252,,1986.0,Bắc Ninh,2024-09-15,Shopee,1,2024-09-15
C00253,M,1986.0,Đà Nẵng,2023-11-13,Referral,1,2023-11-13
C00254,F,1988.0,Bắc Ninh,,Google,0,
C00255,M,1983.0,TP.HCM,2025-05-29,Zalo,0,2025-05-29
C00256,F,1997.0,Đà Nẵng,2024-03-06,Shopee,0,2024-03-06
C00257,M,1993.0,Biên Hòa,2023-09-02,Facebook,0,2023-09-02
C00258,,1990.0,Bắc Ninh,2024-07-29,Walk-in,0,2024-07-29
C00259,F,1970.0,Biên Hòa,2024-01-28,TikTok,0,2024-01-28
C00260,F,1971.0,Thủ Đức,2023-06-29,Walk-in,0,2023-06-29
C00261,M,1967.0,,2023-10-28,Website,0,2023-10-28
C00262,M,1995.0,Huế,2025-05-13,Facebook,0,2025-05-13
C00263,M,1981.0,Hải Phòng,2023-08-21,Zalo,0,2023-08-21
C00264,F,1972.0,Khác,2024-12-13,Referral,0,2024-12-13
C00265,F,1972.0,Hà Nội,2024-01-30,TikTok,0,2024-01-30
C00266,F,1969.0,TP.HCM,2024-08-03,Website,0,2024-08-03
C00267,M,2005.0,Bắc Ninh,2025-02-01,TikTok,0,2025-02-01
C00268,M,1983.0,Nha Trang,2025-06-05,,0,2025-06-05
C00269,F,1980.0,,2025-02-19,,0,2025-02-19
C00270,M,1998.0,Biên Hòa,2023-12-09,Google,0,2023-12-09
C00271,M,1989.0,Huế,2024-11-20,Facebook,0,2024-11-20
C00272,F,1988.0,Cần Thơ,2025-03-12,Facebook,0,2025-03-12
C00273,M,1987.0,Hải Phòng,2024-05-31,Google,0,2024-05-31
C00274,F,1973.0,Hà Nội,2025-01-16,Walk-in,0,2025-01-16
C00275,F,2006.0,Đà Nẵng,2024-12-11,Website,0,2024-12-11
C00276,F,2005.0,Đà Nẵng,2025-05-13,Zalo,0,2025-05-13
C00277,F,1986.0,Cần Thơ,2023-08-04,TikTok,1,2023-08-04
C00278,M,1967.0,Biên Hòa,2023-07-15,Referral,0,2023-07-15
C00279,F,1999.0,Huế,2024-11-09,Referral,0,2024-11-09
C00280,M,1983.0,Biên Hòa,2023-07-08,,0,2023-07-08
C00281,F,1982.0,TP.HCM,2025-04-02,Walk-in,0,2025-04-02
C00282,F,1993.0,Nha Trang,2024-08-21,Walk-in,0,2024-08-21
C00283,F,1996.0,Biên Hòa,2023-12-09,Referral,0,2023-12-09
C00284,F,1986.0,Nha Trang,2023-08-24,Zalo,1,2023-08-24
C00285,F,1985.0,TP.HCM,2024-12-10,Google,0,2024-12-10
C00286,F,1984.0,Huế,2024-05-01,Shopee,0,2024-05-01
C00287,F,1987.0,Huế,2023-11-18,Facebook,0,2023-11-18
C00288,F,2004.0,Nha Trang,2025-06-14,,0,2025-06-14
C00289,M,1969.0,Buôn Ma Thuột,2025-03-16,Shopee,0,2025-03-16
C00290,M,1966.0,Đà Nẵng,2024-06-07,Website,0,2024-06-07
C00291,M,1969.0,Hải Phòng,2023-07-06,Walk-in,0,2023-07-06
C00292,F,2001.0,Hà Nội,2024-06-05,Zalo,0,2024-06-05
C00293,F,1988.0,Biên Hòa,2025-04-26,Website,0,2025-04-26
C00294,M,1998.0,Biên Hòa,2023-08-18,Shopee,0,2023-08-18
C00295,F,1980.0,TP.HCM,2024-04-17,Facebook,0,2024-04-17
C00296,M,1996.0,Bắc Ninh,2025-06-23,Shopee,0,2025-06-23
C00297,M,1981.0,Khác,2024-12-27,Referral,0,2024-12-27
C00298,F,1986.0,Vũng Tàu,2025-05-21,Referral,1,2025-05-21
C00299,F,1977.0,TP.HCM,2025-05-11,Zalo,0,2025-05-11
C00300,F,1976.0,Thủ Đức,2023-08-15,Website,0,2023-08-15
C00301,F,1987.0,Thủ Đức,,Google,0,
C00302,F,1984.0,Đà Nẵng,2024-12-15,Zalo,0,2024-12-15
C00303,M,1972.0,Hải Phòng,2024-06-05,Zalo,0,2024-06-05
C00304,F,1966.0,Biên Hòa,2024-01-29,Walk-in,0,2024-01-29
C00305,M,2004.0,TP.HCM,2024-00-00,Google,0,
C00306,F,1995.0,Bắc Ninh,2024-04-12,Shopee,0,2024-04-12
C00307,,1973.0,Biên Hòa,2024-07-24,Google,0,2024-07-24
C00308,F,1998.0,Biên Hòa,2024-09-03,,0,2024-09-03
C00309,M,1973.0,Nha Trang,2024-12-16,,0,2024-12-16
C00310,M,1984.0,Đà Nẵng,2023-10-06,Zalo,0,2023-10-06
C00311,M,1987.0,Bắc Ninh,2024-04-26,Referral,0,2024-04-26
C00312,F,1977.0,Buôn Ma Thuột,2023-08-20,Referral,0,2023-08-20
C00313,F,2004.0,Bắc Ninh,2023-10-07,Google,0,2023-10-07
C00314,M,2002.0,Vũng Tàu,2024-10-27,Zalo,0,2024-10-27
C00315,F,1986.0,Hà Nội,2023-11-23,Facebook,1,2023-11-23
C00316,M,2006.0,Khác,2023-08-23,Referral,0,2023-08-23
C00317,M,2001.0,Nha Trang,2025-03-28,Facebook,0,2025-03-28
C00318,F,2006.0,Cần Thơ,2024-10-22,Website,0,2024-10-22
C00319,F,1986.0,Huế,2024-02-06,Google,1,2024-02-06
C00320,M,1975.0,Huế,01-2024-15,Shopee,0,
C00321,Unknown,1978.0,Biên Hòa,2024-10-08,Zalo,0,2024-10-08
C00322,F,1987.0,Nha Trang,2024-04-16,Zalo,0,2024-04-16
C00323,,1985.0,Hải Phòng,2024-06-14,Website,0,2024-06-14
C00324,F,1986.0,Hải Phòng,2023-10-04,Zalo,1,2023-10-04
C00325,M,1983.0,Nha Trang,2023-09-08,Shopee,0,2023-09-08
C00326,M,1985.0,Vũng Tàu,2024-02-10,Walk-in,0,2024-02-10
C00327,M,1996.0,Bắc Ninh,2023-12-12,Website,0,2023-12-12
C00328,F,1996.0,Hà Nội,2024-10-23,Google,0,2024-10-23
C00329,F,1980.0,Hải Phòng,2024-07-07,Walk-in,0,2024-07-07
C00330,M,1983.0,Huế,2023-07-20,Website,0,2023-07-20
C00331,M,1971.0,,2024-03-19,Zalo,0,2024-03-19
C00332,F,1990.0,Biên Hòa,2024-02-26,Facebook,0,2024-02-26
C00333,M,2001.0,Bắc Ninh,2024-07-15,TikTok,0,2024-07-15
C00334,F,1986.0,Nha Trang,2024-06-06,Website,1,2024-06-06
C00335,F,2004.0,Buôn Ma Thuột,2024-12-15,Google,0,2024-12-15
C00336,M,1990.0,Biên Hòa,2023-10-10,Walk-in,0,2023-10-10
C00337,,1974.0,Hải Phòng,2024-12-23,Shopee,0,2024-12-23
C00338,Unknown,1967.0,Hà Nội,2024-10-25,Zalo,0,2024-10-25
C00339,F,1986.0,Bắc Ninh,2025-05-31,Website,1,2025-05-31
C00340,M,1986.0,Vũng Tàu,2023-10-31,Walk-in,1,2023-10-31
C00341,F,2004.0,Thủ Đức,2023-11-14,Referral,0,2023-11-14
C00342,0,1997.0,Bắc Ninh,2025-01-28,Website,0,2025-01-28
C00343,F,1995.0,Hà Nội,2025-05-26,Walk-in,0,2025-05-26
C00344,M,1991.0,Vũng Tàu,2024-05-05,Referral,0,2024-05-05
C00345,M,2003.0,Huế,2025-06-12,Referral,0,2025-06-12
C00346,M,1968.0,Vũng Tàu,2025-04-02,Website,0,2025-04-02
C00347,F,1974.0,Buôn Ma Thuột,2023-11-22,TikTok,0,2023-11-22
C00348,M,1977.0,Hà Nội,2023-07-03,Website,0,2023-07-03
C00349,F,1974.0,Nha Trang,2024-04-17,TikTok,0,2024-04-17
C00350,F,1968.0,Thủ Đức,2024-07-25,,0,2024-07-25
C00351,M,1986.0,Biên Hòa,2024-11-13,Website,1,2024-11-13
C00352,F,1985.0,Đà Nẵng,2024-11-20,Website,0,2024-11-20
C00353,F,1999.0,Biên Hòa,2024-11-27,,0,2024-11-27
C00354,Unknown,1977.0,Hải Phòng,2025-02-14,Referral,0,2025-02-14
C00355,F,1979.0,Cần Thơ,2024-12-23,Referral,0,2024-12-23
C00356,M,1996.0,Biên Hòa,2025-05-22,Website,0,2025-05-22
C00357,F,1983.0,TP.HCM,2024-05-23,Shopee,0,2024-05-23
C00358,F,1974.0,Cần Thơ,2024-07-09,Facebook,0,2024-07-09
C00359,M,1987.0,Huế,2024-03-21,Referral,0,2024-03-21
C00360,M,1977.0,Bắc Ninh,2024-10-03,Referral,0,2024-10-03
C00361,F,1986.0,TP.HCM,2024-12-27,TikTok,1,2024-12-27
C00362,M,1998.0,Hải Phòng,2024-02-04,,0,2024-02-04
C00363,M,1991.0,Biên Hòa,2023-07-24,Website,0,2023-07-24
C00364,M,1965.0,Bắc Ninh,2023-09-11,Zalo,0,2023-09-11
C00365,,1995.0,Buôn Ma Thuột,2024-07-21,TikTok,0,2024-07-21
C00366,,1983.0,Buôn Ma Thuột,2024-03-21,Facebook,0,2024-03-21
C00367,M,1999.0,Thủ Đức,2023-08-31,Facebook,0,2023-08-31
C00368,F,1976.0,Hà Nội,2023-11-27,Shopee,0,2023-11-27
C00369,M,1983.0,Hà Nội,2024-10-20,Facebook,0,2024-10-20
C00370,M,1986.0,Cần Thơ,2024-04-01,Website,0,2024-04-01
C00371,F,1973.0,Bắc Ninh,2025-03-18,Website,0,2025-03-18
C00372,M,1972.0,Biên Hòa,01-2024-15,Zalo,0,
C00373,F,2006.0,Cần Thơ,2025-06-18,Zalo,0,2025-06-18
C00374,F,1983.0,Vũng Tàu,2023-06-15,TikTok,0,2023-06-15
C00375,F,1992.0,Bắc Ninh,2023-11-27,Walk-in,0,2023-11-27
C00376,F,1971.0,Đà Nẵng,2023-08-28,Zalo,0,2023-08-28
C00377,F,1980.0,Hà Nội,2024-10-01,Referral,0,2024-10-01
C00378,M,1993.0,Khác,2024-06-27,Referral,0,2024-06-27
C00379,F,2002.0,Thủ Đức,2024-05-03,Facebook,0,2024-05-03
C00380,F,1980.0,Hà Nội,2024-02-23,Google,0,2024-02-23
C00381,X,1975.0,Nha Trang,2024-09-19,Referral,0,2024-09-19
C00382,M,2005.0,,2025-05-07,Walk-in,0,2025-05-07
C00383,M,1979.0,Đà Nẵng,2025-02-19,Website,0,2025-02-19
C00384,F,2003.0,Biên Hòa,2023-11-04,Shopee,0,2023-11-04
C00385,F,1999.0,Khác,2025-05-19,TikTok,0,2025-05-19
C00386,0,1998.0,Huế,2024-02-09,Walk-in,0,2024-02-09
C00387,M,1968.0,Bắc Ninh,2023-08-19,TikTok,0,2023-08-19
C00388,M,1975.0,Biên Hòa,2025-01-07,Website,0,2025-01-07
C00389,M,2002.0,Huế,2023-09-28,Google,0,2023-09-28
C00390,F,1986.0,Huế,2024-11-04,,1,2024-11-04
C00391,F,1994.0,Vũng Tàu,2024-11-07,Facebook,0,2024-11-07
C00392,F,1984.0,Thủ Đức,2024-12-24,Facebook,0,2024-12-24
C00393,F,1965.0,Thủ Đức,2024-07-10,TikTok,0,2024-07-10
C00394,M,1967.0,Nha Trang,2025-01-13,Walk-in,0,2025-01-13
C00395,M,1986.0,Hà Nội,2024-00-00,Google,1,
C00396,M,1983.0,Nha Trang,2024-09-26,Zalo,0,2024-09-26
C00397,F,1988.0,Nha Trang,,Website,0,
C00398,F,1970.0,Buôn Ma Thuột,2024-06-21,Zalo,0,2024-06-21
C00399,F,1972.0,Đà Nẵng,2025-03-31,Shopee,0,2025-03-31
C00400,M,1986.0,Hà Nội,2024-11-23,Facebook,1,2024-11-23
C00401,F,1999.0,Nha Trang,2024-04-01,Shopee,0,2024-04-01
C00402,M,1994.0,Biên Hòa,2024-01-22,Zalo,0,2024-01-22
C00403,M,1972.0,Hà Nội,2024-03-09,Shopee,0,2024-03-09
C00404,M,1980.0,Hải Phòng,2025-02-19,Google,0,2025-02-19
C00405,M,1993.0,Vũng Tàu,2023-09-12,Facebook,0,2023-09-12
C00406,M,1990.0,Huế,2024-02-06,TikTok,0,2024-02-06
C00407,M,1968.0,Đà Nẵng,2024-12-04,Referral,0,2024-12-04
C00408,,2001.0,Vũng Tàu,2024-01-26,Walk-in,0,2024-01-26
C00409,F,1974.0,Buôn Ma Thuột,2024-01-29,TikTok,0,2024-01-29
C00410,F,1982.0,Hà Nội,2024-07-28,Zalo,0,2024-07-28
C00411,F,2000.0,Huế,2025-03-03,Facebook,0,2025-03-03
C00412,F,1998.0,Biên Hòa,2024-05-18,Shopee,0,2024-05-18
C00413,M,1984.0,Nha Trang,2024-07-23,Zalo,0,2024-07-23
C00414,,1980.0,Hải Phòng,2024-12-02,Referral,0,2024-12-02
C00415,M,1994.0,Hà Nội,2025-05-25,Shopee,0,2025-05-25
C00416,M,1989.0,Hải Phòng,2024-07-31,Referral,0,2024-07-31
C00417,F,2006.0,TP.HCM,2023-12-26,Website,0,2023-12-26
C00418,M,1999.0,Thủ Đức,2024-06-14,TikTok,0,2024-06-14
C00419,F,1989.0,Buôn Ma Thuột,2023-07-23,Facebook,0,2023-07-23
C00420,M,2002.0,Thủ Đức,2023-08-14,TikTok,0,2023-08-14
C00421,M,1986.0,Cần Thơ,2024-10-03,Facebook,0,2024-10-03
C00422,M,1972.0,Thủ Đức,2024-01-03,Website,0,2024-01-03
C00423,M,1990.0,Hải Phòng,2024-02-04,Walk-in,0,2024-02-04
C00424,F,1994.0,Bắc Ninh,2024-03-16,Walk-in,0,2024-03-16
C00425,F,1988.0,Bắc Ninh,2024-04-11,Website,0,2024-04-11
C00426,M,1995.0,Khác,2024-09-20,,0,2024-09-20
C00427,F,1985.0,Nha Trang,2023-12-26,Facebook,0,2023-12-26
C00428,M,1974.0,Hà Nội,2024-12-28,,0,2024-12-28
C00429,F,1983.0,Đà Nẵng,2024-12-18,TikTok,0,2024-12-18
C00430,M,1989.0,Vũng Tàu,2024-05-03,TikTok,0,2024-05-03
C00431,F,1981.0,Khác,2024-10-24,Website,0,2024-10-24
C00432,F,1994.0,Đà Nẵng,2025-06-10,Walk-in,0,2025-06-10
C00433,M,1986.0,,2023-11-21,Zalo,1,2023-11-21
C00434,M,1998.0,Hà Nội,2024-12-07,Google,0,2024-12-07
C00435,M,1965.0,Nha Trang,2025-04-15,Zalo,0,2025-04-15
C00436,M,1969.0,Thủ Đức,2025-03-07,Zalo,0,2025-03-07
C00437,M,1997.0,Huế,2023-06-10,Walk-in,0,2023-06-10
C00438,F,1996.0,Hà Nội,2023-08-01,Facebook,0,2023-08-01
C00439,F,1965.0,Hà Nội,2024-11-26,Referral,0,2024-11-26
C00440,F,1966.0,Bắc Ninh,2024-11-30,Shopee,0,2024-11-30
C00441,M,1971.0,Bắc Ninh,2023-12-01,Zalo,0,2023-12-01
C00442,M,2004.0,Bắc Ninh,2024-02-02,Referral,0,2024-02-02
C00443,F,1990.0,TP.HCM,2024-05-28,Walk-in,0,2024-05-28
C00444,F,2001.0,Hải Phòng,2024-07-20,TikTok,0,2024-07-20
C00445,M,2006.0,Buôn Ma Thuột,2024-04-03,Facebook,0,2024-04-03
C00446,F,1989.0,Nha Trang,,Website,0,
C00447,M,1975.0,TP.HCM,2023-07-28,Website,0,2023-07-28
C00448,F,2001.0,TP.HCM,2024-08-18,Facebook,0,2024-08-18
C00449,M,2001.0,Huế,2024-01-22,Referral,0,2024-01-22
C00450,,1982.0,Bắc Ninh,2023-07-18,Facebook,0,2023-07-18
C00451,F,1966.0,Hải Phòng,2023-12-01,Zalo,0,2023-12-01
C00452,F,1969.0,Cần Thơ,2025-05-30,Zalo,0,2025-05-30
C00453,M,1986.0,Nha Trang,2024-12-29,Walk-in,1,2024-12-29
C00454,M,1970.0,,,Walk-in,0,
C00455,M,1992.0,Hải Phòng,2023-07-25,Google,0,2023-07-25
C00456,F,1985.0,Hà Nội,2024-05-14,Referral,0,2024-05-14
C00457,F,1979.0,Biên Hòa,2024-09-04,Shopee,0,2024-09-04
C00458,M,2002.0,Buôn Ma Thuột,,,0,
C00459,F,1980.0,Thủ Đức,2023-08-27,Google,0,2023-08-27
C00460,F,1974.0,Nha Trang,2023-08-24,Zalo,0,2023-08-24
C00461,,1985.0,Biên Hòa,2025-06-27,Google,0,2025-06-27
C00462,M,1984.0,Huế,2023-09-02,Walk-in,0,2023-09-02
C00463,M,1973.0,,2024-03-03,Zalo,0,2024-03-03
C00464,F,2000.0,Bắc Ninh,2024-08-15,Shopee,0,2024-08-15
C00465,M,1970.0,Biên Hòa,2023-09-14,Google,0,2023-09-14
C00466,F,1989.0,Hà Nội,2025-02-01,Referral,0,2025-02-01
C00467,F,1986.0,Thủ Đức,2024-07-28,TikTok,1,2024-07-28
C00468,M,1989.0,Đà Nẵng,2025-01-06,Zalo,0,2025-01-06
C00469,F,1982.0,Huế,2024-03-02,Zalo,0,2024-03-02
C00470,M,1992.0,Cần Thơ,2023-08-04,Shopee,0,2023-08-04
C00471,F,1969.0,Biên Hòa,2024-04-02,Referral,0,2024-04-02
C00472,F,2003.0,Vũng Tàu,2024-02-08,TikTok,0,2024-02-08
C00473,M,1986.0,Cần Thơ,2024-09-11,Facebook,1,2024-09-11
C00474,F,2004.0,Nha Trang,2024-07-10,Walk-in,0,2024-07-10
C00475,F,1992.0,,2024-08-24,Zalo,0,2024-08-24
C00476,F,2003.0,Thủ Đức,2024-04-03,TikTok,0,2024-04-03
C00477,F,1986.0,Nha Trang,2024-10-03,Walk-in,1,2024-10-03
C00478,F,2001.0,Khác,2024-03-25,TikTok,0,2024-03-25
C00479,,1982.0,Khác,2024-04-29,Shopee,0,2024-04-29
C00480,M,2001.0,Hải Phòng,,Zalo,0,
C00481,M,1994.0,Thủ Đức,2025-04-29,TikTok,0,2025-04-29
C00482,F,1969.0,,2024-08-22,Shopee,0,2024-08-22
C00483,F,1973.0,Buôn Ma Thuột,2025-04-20,Referral,0,2025-04-20
C00484,F,1974.0,Thủ Đức,2024-02-03,Shopee,0,2024-02-03
C00485,M,1993.0,Vũng Tàu,2024-06-21,Website,0,2024-06-21
C00486,F,1986.0,Bắc Ninh,2025-01-17,Shopee,1,2025-01-17
C00487,M,1988.0,Thủ Đức,2024-12-08,Google,0,2024-12-08
C00488,M,1987.0,Đà Nẵng,2023-09-20,Facebook,0,2023-09-20
C00489,F,1986.0,Khác,2024-12-28,Shopee,0,2024-12-28
C00490,M,1971.0,Cần Thơ,2023-09-17,TikTok,0,2023-09-17
C00491,,1993.0,Biên Hòa,2024-11-04,Shopee,0,2024-11-04
C00492,M,1987.0,,2024-09-17,Website,0,2024-09-17
C00493,F,1991.0,TP.HCM,2023-09-16,Google,0,2023-09-16
C00494,M,1987.0,Cần Thơ,,Walk-in,0,
C00495,M,1998.0,Huế,2024-09-09,Walk-in,0,2024-09-09
C00496,M,1993.0,Thủ Đức,2024-09-30,Website,0,2024-09-30
C00497,M,1984.0,Hà Nội,2024-04-22,Google,0,2024-04-22
C00498,F,2006.0,TP.HCM,2023-06-24,Zalo,0,2023-06-24
C00499,M,1998.0,Đà Nẵng,2025-06-28,Zalo,0,2025-06-28
C00500,F,1994.0,Hải Phòng,2024-05-04,Shopee,0,2024-05-04
C00501,M,1976.0,Buôn Ma Thuột,2025-03-06,Shopee,0,2025-03-06
C00502,M,2004.0,Hải Phòng,2024-07-10,Website,0,2024-07-10
C00503,F,1989.0,Hà Nội,2025-01-27,TikTok,0,2025-01-27
C00504,F,1969.0,Vũng Tàu,2023-12-28,Google,0,2023-12-28
C00505,M,1986.0,Biên Hòa,2024-12-01,TikTok,1,2024-12-01
C00506,M,1981.0,Buôn Ma Thuột,2024-09-11,Website,0,2024-09-11
C00507,F,2003.0,Nha Trang,2024-11-22,Shopee,0,2024-11-22
C00508,M,1987.0,Biên Hòa,2025-01-22,Website,0,2025-01-22
C00509,M,1984.0,Vũng Tàu,2025-02-22,Google,0,2025-02-22
C00510,M,1985.0,TP.HCM,2025-04-19,TikTok,0,2025-04-19
C00511,M,1976.0,Biên Hòa,2024-04-08,Zalo,0,2024-04-08
C00512,F,1991.0,Vũng Tàu,2024-11-05,Zalo,0,2024-11-05
C00513,F,1992.0,Đà Nẵng,2025-01-09,Website,0,2025-01-09
C00514,M,2000.0,Đà Nẵng,2025-03-12,Website,0,2025-03-12
C00515,M,1976.0,Biên Hòa,2024-03-22,Website,0,2024-03-22
C00516,M,1986.0,Hà Nội,2025-02-24,Website,1,2025-02-24
C00517,M,1989.0,Bắc Ninh,2023-10-18,,0,2023-10-18
C00518,F,1991.0,Thủ Đức,2024-07-23,Website,0,2024-07-23
C00519,M,1970.0,Vũng Tàu,01-2024-15,Facebook,0,
C00520,F,1967.0,Cần Thơ,2024-01-12,TikTok,0,2024-01-12
C00521,F,1975.0,Khác,2024-12-02,Website,0,2024-12-02
C00522,Unknown,2000.0,Bắc Ninh,2024-12-31,Google,0,2024-12-31
C00523,M,1982.0,Khác,2025-01-07,Walk-in,0,2025-01-07
C00524,M,1993.0,Bắc Ninh,2024-12-07,TikTok,0,2024-12-07
C00525,M,2006.0,Khác,2024-08-09,TikTok,0,2024-08-09
C00526,M,1993.0,Cần Thơ,2024-03-31,Walk-in,0,2024-03-31
C00527,F,1972.0,Khác,01-2024-15,TikTok,0,
C00528,F,2004.0,Buôn Ma Thuột,2024-01-01,Shopee,0,2024-01-01
C00529,M,1978.0,Hải Phòng,2023-11-17,Facebook,0,2023-11-17
C00530,F,1999.0,Cần Thơ,2025-01-04,Zalo,0,2025-01-04
C00531,F,1983.0,Vũng Tàu,2024-04-27,Referral,0,2024-04-27
C00532,M,1973.0,Khác,2024-11-08,Shopee,0,2024-11-08
C00533,F,2006.0,Đà Nẵng,2023-07-31,Zalo,0,2023-07-31
C00534,M,1986.0,,2024-02-11,Shopee,1,2024-02-11
C00535,M,2001.0,Buôn Ma Thuột,2024-10-14,Referral,0,2024-10-14
C00536,F,1989.0,Huế,2025-03-04,Google,0,2025-03-04
C00537,M,1990.0,Bắc Ninh,2025-03-10,Referral,0,2025-03-10
C00538,F,1994.0,Huế,2025-05-12,,0,2025-05-12
C00539,M,1970.0,Thủ Đức,2025-01-16,Website,0,2025-01-16
C00540,F,1969.0,Khác,2025-03-12,Shopee,0,2025-03-12
C00541,F,1978.0,Huế,2024-01-10,Referral,0,2024-01-10
C00542,F,1986.0,Bắc Ninh,2024-04-26,Zalo,0,2024-04-26
C00543,F,1986.0,Buôn Ma Thuột,2024-12-31,Facebook,0,2024-12-31
C00544,M,2005.0,Khác,2023-07-18,Website,0,2023-07-18
C00545,M,1975.0,,2023-06-17,Website,0,2023-06-17
C00546,F,1977.0,,2023-06-01,Zalo,0,2023-06-01
C00547,F,1975.0,Cần Thơ,2025-03-27,Google,0,2025-03-27
C00548,F,1981.0,,2025-04-01,Walk-in,0,2025-04-01
C00549,M,1968.0,Nha Trang,2025-04-11,,0,2025-04-11
C00550,M,1992.0,Buôn Ma Thuột,2025-06-13,Google,0,2025-06-13
C00551,M,1965.0,Hải Phòng,2025-05-21,Website,0,2025-05-21
C00552,M,2002.0,Hải Phòng,2023-08-19,Website,0,2023-08-19
C00553,M,1986.0,TP.HCM,2023-06-10,Shopee,1,2023-06-10
C00554,M,1995.0,TP.HCM,2025-05-11,TikTok,0,2025-05-11
C00555,M,1971.0,TP.HCM,2024-06-27,Walk-in,0,2024-06-27
C00556,F,1973.0,Nha Trang,2024-06-11,Zalo,0,2024-06-11
C00557,M,1969.0,Bắc Ninh,2025-03-18,Facebook,0,2025-03-18
C00558,M,1993.0,Biên Hòa,2025-02-14,,0,2025-02-14
C00559,M,1991.0,Vũng Tàu,2025-03-05,Website,0,2025-03-05
C00560,0,1971.0,Đà Nẵng,2024-01-09,Google,0,2024-01-09
C00561,F,1987.0,Nha Trang,2025-01-24,Walk-in,0,2025-01-24
C00562,M,1982.0,Buôn Ma Thuột,2023-10-22,Google,0,2023-10-22
C00563,F,1986.0,Buôn Ma Thuột,2024-02-10,Referral,1,2024-02-10
C00564,M,1986.0,Cần Thơ,2023-12-28,Facebook,1,2023-12-28
C00565,F,1989.0,TP.HCM,2024-02-01,TikTok,0,2024-02-01
C00566,M,1986.0,Hà Nội,2024-10-24,Walk-in,1,2024-10-24
C00567,M,1989.0,Vũng Tàu,2024-04-20,Shopee,0,2024-04-20
C00568,M,1995.0,Khác,2024-06-09,,0,2024-06-09
C00569,M,1965.0,Cần Thơ,2023-06-18,TikTok,0,2023-06-18
C00570,M,1990.0,Bắc Ninh,2023-07-11,Referral,0,2023-07-11
C00571,F,1992.0,Thủ Đức,2025-03-05,Shopee,0,2025-03-05
C00572,M,1982.0,TP.HCM,2023-08-24,Referral,0,2023-08-24
C00573,M,1974.0,Bắc Ninh,2023-08-20,Walk-in,0,2023-08-20
C00574,M,1984.0,Thủ Đức,2024-07-05,Shopee,0,2024-07-05
C00575,M,1968.0,Hải Phòng,2025-06-17,Google,0,2025-06-17
C00576,M,1986.0,Vũng Tàu,2024-08-18,Facebook,1,2024-08-18
C00577,M,1972.0,Hà Nội,2024-04-12,Zalo,0,2024-04-12
C00578,M,1975.0,,2025-05-19,Walk-in,0,2025-05-19
C00579,F,1975.0,Biên Hòa,2024-11-17,Zalo,0,2024-11-17
C00580,M,1966.0,Biên Hòa,2024-03-02,Shopee,0,2024-03-02
C00581,M,1981.0,Thủ Đức,2024-03-05,Google,0,2024-03-05
C00582,F,1997.0,Biên Hòa,2024-10-21,Facebook,0,2024-10-21
C00583,M,1988.0,Đà Nẵng,2024-10-24,Referral,0,2024-10-24
C00584,M,1979.0,Thủ Đức,2023-09-14,Facebook,0,2023-09-14
C00585,M,1980.0,Hà Nội,2023-07-16,Website,0,2023-07-16
C00586,F,1974.0,Đà Nẵng,2024-06-07,Facebook,0,2024-06-07
C00587,F,1979.0,Biên Hòa,2024-12-18,TikTok,0,2024-12-18
C00588,F,1982.0,TP.HCM,2024-07-31,Walk-in,0,2024-07-31
C00589,M,1976.0,Hải Phòng,2023-10-01,Facebook,0,2023-10-01
C00590,M,1994.0,Cần Thơ,2024-07-15,Referral,0,2024-07-15
C00591,X,2000.0,Huế,2024-05-01,Facebook,0,2024-05-01
C00592,M,1983.0,Vũng Tàu,2024-06-12,Referral,0,2024-06-12
C00593,M,1994.0,Biên Hòa,2025-06-27,Website,0,2025-06-27
C00594,M,1974.0,Hà Nội,2023-12-18,Shopee,0,2023-12-18
C00595,M,1999.0,Biên Hòa,2023-06-25,Facebook,0,2023-06-25
C00596,M,1986.0,Thủ Đức,01-2024-15,Referral,1,
C00597,M,1998.0,Hải Phòng,2023-09-15,Shopee,0,2023-09-15
C00598,M,1974.0,Thủ Đức,2024-10-16,Referral,0,2024-10-16
C00599,M,1986.0,Bắc Ninh,2023-09-04,Shopee,1,2023-09-04
C00600,F,1994.0,,2025-05-18,Google,0,2025-05-18
C00601,M,1986.0,Đà Nẵng,2025-01-15,Shopee,1,2025-01-15
C00602,M,1992.0,Buôn Ma Thuột,2023-08-16,Zalo,0,2023-08-16
C00603,F,1981.0,Biên Hòa,2024-01-29,Shopee,0,2024-01-29
C00604,F,1985.0,Huế,2025-05-18,Referral,0,2025-05-18
C00605,X,1977.0,Đà Nẵng,2024-01-26,Google,0,2024-01-26
C00606,M,1975.0,Huế,2023-11-07,Website,0,2023-11-07
C00607,F,1972.0,Bắc Ninh,2024-04-17,Walk-in,0,2024-04-17
C00608,F,1984.0,Huế,2023-12-30,Referral,0,2023-12-30
C00609,M,1975.0,Khác,2023-10-01,Referral,0,2023-10-01
C00610,M,1978.0,Biên Hòa,2025-05-22,Zalo,0,2025-05-22
C00611,Unknown,1987.0,,2023-09-02,Facebook,0,2023-09-02
C00612,F,1981.0,Đà Nẵng,2025-04-24,,0,2025-04-24
C00613,F,1986.0,Thủ Đức,2024-07-19,TikTok,1,2024-07-19
C00614,F,1971.0,Khác,2023-09-05,Zalo,0,2023-09-05
C00615,,1986.0,Khác,2023-10-03,TikTok,1,2023-10-03
C00616,M,1990.0,,2023-10-12,Google,0,2023-10-12
C00617,F,1969.0,Hà Nội,2025-01-17,Google,0,2025-01-17
C00618,F,1973.0,TP.HCM,2023-12-20,Walk-in,0,2023-12-20
C00619,M,1994.0,Hà Nội,2023-10-04,Zalo,0,2023-10-04
C00620,F,1990.0,Huế,2025-01-08,Facebook,0,2025-01-08
C00621,F,1976.0,Biên Hòa,2024-06-26,TikTok,0,2024-06-26
C00622,F,1982.0,Huế,2023-12-09,Zalo,0,2023-12-09
C00623,M,2006.0,Cần Thơ,2023-07-06,Website,0,2023-07-06
C00624,F,1968.0,TP.HCM,2024-07-26,Referral,0,2024-07-26
C00625,M,1991.0,Hải Phòng,2024-06-27,TikTok,0,2024-06-27
C00626,M,1989.0,Khác,2025-03-07,Walk-in,0,2025-03-07
C00627,F,1986.0,Vũng Tàu,2024-10-04,Walk-in,1,2024-10-04
C00628,F,1976.0,Hà Nội,2024-07-02,Walk-in,0,2024-07-02
C00629,M,1966.0,Khác,2025-02-01,Referral,0,2025-02-01
C00630,F,1998.0,Biên Hòa,,TikTok,0,
C00631,M,1980.0,Buôn Ma Thuột,2023-11-11,TikTok,0,2023-11-11
C00632,M,1979.0,Vũng Tàu,2024-02-28,Shopee,0,2024-02-28
C00633,M,1976.0,Hải Phòng,2024-05-29,Walk-in,0,2024-05-29
C00634,F,2002.0,Hà Nội,2025-06-25,Walk-in,0,2025-06-25
C00635,M,2001.0,Hải Phòng,2025-01-02,Website,0,2025-01-02
C00636,F,1976.0,Huế,2024-12-07,Facebook,0,2024-12-07
C00637,M,1979.0,Vũng Tàu,2023-09-01,TikTok,0,2023-09-01
C00638,F,1965.0,Biên Hòa,2023-06-21,TikTok,0,2023-06-21
C00639,F,1976.0,Khác,2023-10-12,Walk-in,0,2023-10-12
C00640,M,1974.0,Vũng Tàu,2023-07-31,Zalo,0,2023-07-31
C00641,F,1969.0,Biên Hòa,2023-09-22,Shopee,0,2023-09-22
C00642,M,1986.0,Cần Thơ,2025-01-21,Walk-in,0,2025-01-21
C00643,M,1992.0,Khác,2023-10-18,Website,0,2023-10-18
C00644,F,1976.0,Thủ Đức,2025-03-26,Walk-in,0,2025-03-26
C00645,,1989.0,Cần Thơ,2024-01-15,Referral,0,2024-01-15
C00646,M,1965.0,Thủ Đức,2023-10-09,Shopee,0,2023-10-09
C00647,0,1976.0,Vũng Tàu,2025-01-02,Walk-in,0,2025-01-02
C00648,M,2005.0,,,Google,0,
C00649,M,1986.0,Thủ Đức,2024-10-21,Google,0,2024-10-21
C00650,F,1985.0,Đà Nẵng,2024-01-30,Google,0,2024-01-30
C00651,F,1993.0,Hà Nội,2025-05-26,Referral,0,2025-05-26
C00652,M,1969.0,Biên Hòa,2024-01-01,Referral,0,2024-01-01
C00653,M,1968.0,Nha Trang,2023-09-19,Website,0,2023-09-19
C00654,F,1975.0,Nha Trang,2025-06-20,Website,0,2025-06-20
C00655,F,1999.0,Nha Trang,2024-06-22,Google,0,2024-06-22
C00656,M,1975.0,Huế,2024-10-03,Google,0,2024-10-03
C00657,F,1966.0,Biên Hòa,2023-07-05,Referral,0,2023-07-05
C00658,M,1986.0,Đà Nẵng,2023-09-16,Shopee,0,2023-09-16
C00659,M,2000.0,TP.HCM,2023-11-12,Walk-in,0,2023-11-12
C00660,F,1966.0,Nha Trang,2025-01-29,Zalo,0,2025-01-29
C00661,F,1975.0,Hà Nội,2025-02-11,Google,0,2025-02-11
C00662,M,1977.0,Nha Trang,2024-05-05,Referral,0,2024-05-05
C00663,F,1984.0,Hải Phòng,2025-04-07,Google,0,2025-04-07
C00664,F,2001.0,,2023-07-21,Website,0,2023-07-21
C00665,M,1988.0,Hà Nội,2023-11-05,Shopee,0,2023-11-05
C00666,F,2005.0,Vũng Tàu,2023-08-29,Website,0,2023-08-29
C00667,M,1966.0,Hải Phòng,2023-12-22,Zalo,0,2023-12-22
C00668,F,1970.0,,2025-03-15,,0,2025-03-15
C00669,F,1995.0,,2024-04-11,Referral,0,2024-04-11
C00670,F,1976.0,Biên Hòa,2023-09-02,Shopee,0,2023-09-02
C00671,M,1993.0,Hà Nội,2024-06-13,Referral,0,2024-06-13
C00672,,1981.0,,2024-08-24,Referral,0,2024-08-24
C00673,M,1974.0,Khác,2024-12-29,Google,0,2024-12-29
C00674,F,1999.0,Nha Trang,2023-08-27,,0,2023-08-27
C00675,M,1989.0,Bắc Ninh,2024-12-18,Shopee,0,2024-12-18
C00676,F,2001.0,Hải Phòng,2024-11-30,Website,0,2024-11-30
C00677,M,1990.0,Thủ Đức,2024-04-02,Facebook,0,2024-04-02
C00678,M,1972.0,Khác,2024-10-27,Website,0,2024-10-27
C00679,M,1978.0,Khác,2023-11-25,TikTok,0,2023-11-25
C00680,M,1992.0,TP.HCM,2023-10-08,Shopee,0,2023-10-08
C00681,M,2003.0,Cần Thơ,2023-12-24,Walk-in,0,2023-12-24
C00682,M,1970.0,Nha Trang,2025-06-14,Shopee,0,2025-06-14
C00683,F,1982.0,Bắc Ninh,2024-12-17,Website,0,2024-12-17
C00684,F,1972.0,Nha Trang,2023-06-13,Zalo,0,2023-06-13
C00685,M,1971.0,Vũng Tàu,2023-10-30,Google,0,2023-10-30
C00686,F,1991.0,Cần Thơ,2024-03-19,Shopee,0,2024-03-19
C00687,F,2001.0,Vũng Tàu,2025-04-01,Website,0,2025-04-01
C00688,M,1982.0,Nha Trang,2023-07-09,Zalo,0,2023-07-09
C00689,F,1967.0,Nha Trang,2025-02-23,Walk-in,0,2025-02-23
C00690,M,1968.0,Thủ Đức,2025-05-08,Website,0,2025-05-08
C00691,,1966.0,Biên Hòa,2024-03-02,Referral,0,2024-03-02
C00692,F,1996.0,Thủ Đức,2024-04-14,Google,0,2024-04-14
C00693,M,1984.0,Thủ Đức,2024-01-20,Website,0,2024-01-20
C00694,F,1991.0,Vũng Tàu,2024-04-24,Google,0,2024-04-24
C00695,F,1978.0,Nha Trang,2023-12-10,Website,0,2023-12-10
C00696,F,1968.0,Bắc Ninh,2024-11-10,Zalo,0,2024-11-10
C00697,F,1997.0,Nha Trang,2023-08-07,Zalo,0,2023-08-07
C00698,M,1976.0,Hải Phòng,,TikTok,0,
C00699,M,1967.0,Huế,2023-07-30,Facebook,0,2023-07-30
C00700,M,1982.0,Biên Hòa,2024-06-04,Website,0,2024-06-04
C00701,F,1986.0,TP.HCM,2024-10-30,Facebook,1,2024-10-30
C00702,F,1996.0,Vũng Tàu,2024-02-03,Website,0,2024-02-03
C00703,F,2002.0,Bắc Ninh,2023-11-29,Walk-in,0,2023-11-29
C00704,M,1981.0,Thủ Đức,2024-05-18,Google,0,2024-05-18
C00705,M,1989.0,Hà Nội,2024-03-18,Zalo,0,2024-03-18
C00706,M,1986.0,Buôn Ma Thuột,2025-01-06,TikTok,1,2025-01-06
C00707,,1982.0,Buôn Ma Thuột,2025-04-24,Shopee,0,2025-04-24
C00708,M,1965.0,Huế,2024-11-07,Zalo,0,2024-11-07
C00709,M,2003.0,Khác,01-2024-15,Facebook,0,
C00710,F,2003.0,Khác,2024-01-16,Referral,0,2024-01-16
C00711,F,1992.0,Nha Trang,2025-05-30,Walk-in,0,2025-05-30
C00712,F,1978.0,Huế,2024-09-13,Referral,0,2024-09-13
C00713,F,2002.0,TP.HCM,2025-04-24,Facebook,0,2025-04-24
C00714,F,2000.0,Buôn Ma Thuột,2024-11-05,,0,2024-11-05
C00715,M,1995.0,TP.HCM,2024-04-01,Walk-in,0,2024-04-01
C00716,F,1982.0,Cần Thơ,2024-03-10,Referral,0,2024-03-10
C00717,M,1998.0,Khác,2023-12-10,TikTok,0,2023-12-10
C00718,F,1985.0,,2023-07-29,Zalo,0,2023-07-29
C00719,M,2006.0,Huế,2025-06-08,Referral,0,2025-06-08
C00720,F,1990.0,Nha Trang,2024-02-21,Facebook,0,2024-02-21
C00721,M,1986.0,Thủ Đức,2025-01-18,TikTok,0,2025-01-18
C00722,F,1987.0,Bắc Ninh,2025-05-03,,0,2025-05-03
C00723,Unknown,1983.0,TP.HCM,2023-11-22,Website,0,2023-11-22
C00724,F,2000.0,Khác,01-2024-15,Zalo,0,
C00725,,2006.0,TP.HCM,2025-04-27,TikTok,0,2025-04-27
C00726,M,1984.0,Nha Trang,2024-05-29,Walk-in,0,2024-05-29
C00727,F,2002.0,Cần Thơ,2024-06-15,Website,0,2024-06-15
C00728,F,1968.0,Buôn Ma Thuột,2023-09-29,Google,0,2023-09-29
C00729,,1997.0,TP.HCM,2024-09-26,Shopee,0,2024-09-26
C00730,F,1991.0,Hà Nội,2024-11-24,Zalo,0,2024-11-24
C00731,M,1986.0,Nha Trang,2023-10-19,Website,0,2023-10-19
C00732,F,1976.0,Khác,2023-10-25,Google,0,2023-10-25
C00733,,2005.0,Đà Nẵng,2024-10-12,Walk-in,0,2024-10-12
C00734,M,1965.0,Huế,2025-03-11,Referral,0,2025-03-11
C00735,Unknown,2001.0,Khác,2024-01-01,Zalo,0,2024-01-01
C00736,M,1973.0,Vũng Tàu,2024-10-14,Shopee,0,2024-10-14
C00737,F,1990.0,Nha Trang,2025-03-10,Website,0,2025-03-10
C00738,M,1967.0,Bắc Ninh,2024-06-27,TikTok,0,2024-06-27
C00739,F,1965.0,Biên Hòa,2025-06-18,TikTok,0,2025-06-18
C00740,M,2005.0,Thủ Đức,2023-06-19,TikTok,0,2023-06-19
C00741,F,1984.0,Đà Nẵng,2024-01-18,Google,0,2024-01-18
C00742,F,1975.0,TP.HCM,2024-06-27,Facebook,0,2024-06-27
C00743,F,1994.0,Thủ Đức,2024-04-01,Walk-in,0,2024-04-01
C00744,M,1986.0,Huế,2024-08-18,Walk-in,0,2024-08-18
C00745,M,1990.0,Hà Nội,2023-12-10,TikTok,0,2023-12-10
C00746,M,1978.0,Thủ Đức,2024-01-16,Facebook,0,2024-01-16
C00747,M,1986.0,Biên Hòa,2025-01-24,Facebook,1,2025-01-24
C00748,F,1999.0,Vũng Tàu,2024-06-19,Facebook,0,2024-06-19
C00749,,1971.0,Buôn Ma Thuột,2025-01-29,Facebook,0,2025-01-29
C00750,M,1986.0,Huế,2023-07-20,Shopee,1,2023-07-20
C00751,F,1995.0,Thủ Đức,2023-10-05,Zalo,0,2023-10-05
C00752,,1984.0,Nha Trang,2023-12-28,Google,0,2023-12-28
C00753,F,2004.0,Vũng Tàu,2025-04-09,Zalo,0,2025-04-09
C00754,M,1997.0,Thủ Đức,2024-08-02,Google,0,2024-08-02
C00755,M,1971.0,Huế,2024-03-16,TikTok,0,2024-03-16
C00756,M,1981.0,Bắc Ninh,2025-02-13,TikTok,0,2025-02-13
C00757,F,1983.0,Đà Nẵng,2024-06-01,Facebook,0,2024-06-01
C00758,F,1978.0,Thủ Đức,2024-12-13,Website,0,2024-12-13
C00759,M,1965.0,Hà Nội,2024-05-04,Google,0,2024-05-04
C00760,F,1974.0,TP.HCM,2023-09-22,Google,0,2023-09-22
C00761,M,1981.0,Buôn Ma Thuột,2025-06-10,TikTok,0,2025-06-10
C00762,F,1981.0,Huế,,Facebook,0,
C00763,M,1967.0,Cần Thơ,2023-09-11,Walk-in,0,2023-09-11
C00764,F,1992.0,Thủ Đức,2025-04-24,,0,2025-04-24
C00765,M,1965.0,Đà Nẵng,2023-09-06,Zalo,0,2023-09-06
C00766,F,1993.0,Vũng Tàu,2024-05-02,Referral,0,2024-05-02
C00767,M,1988.0,,2025-06-20,Zalo,0,2025-06-20
C00768,F,1990.0,Huế,2023-09-25,,0,2023-09-25
C00769,F,1991.0,Buôn Ma Thuột,2024-06-29,Zalo,0,2024-06-29
C00770,M,1968.0,Đà Nẵng,2023-09-24,Google,0,2023-09-24
C00771,F,2001.0,Buôn Ma Thuột,,Website,0,
C00772,F,1987.0,Vũng Tàu,2023-12-03,Facebook,0,2023-12-03
C00773,M,1995.0,Huế,2025-05-01,Google,0,2025-05-01
C00774,F,1967.0,TP.HCM,2024-07-26,Referral,0,2024-07-26
C00775,F,1965.0,Thủ Đức,2025-04-01,TikTok,0,2025-04-01
C00776,,1998.0,Bắc Ninh,2025-04-16,Google,0,2025-04-16
C00777,M,1995.0,Biên Hòa,2024-08-17,Shopee,0,2024-08-17
C00778,M,1965.0,Buôn Ma Thuột,2023-10-31,Zalo,0,2023-10-31
C00779,F,1996.0,,2024-10-30,Google,0,2024-10-30
C00780,F,1986.0,Biên Hòa,2024-10-16,Referral,1,2024-10-16
C00781,M,2000.0,Buôn Ma Thuột,2023-07-22,Shopee,0,2023-07-22
C00782,M,1970.0,Huế,2024-07-17,Website,0,2024-07-17
C00783,F,1970.0,Huế,2025-01-07,Website,0,2025-01-07
C00784,M,1996.0,,2024-04-19,Facebook,0,2024-04-19
C00785,F,1991.0,Hà Nội,2023-09-14,Facebook,0,2023-09-14
C00786,F,1986.0,Bắc Ninh,2023-09-02,TikTok,1,2023-09-02
C00787,,1986.0,Biên Hòa,2025-04-01,Facebook,0,2025-04-01
C00788,F,1986.0,Bắc Ninh,2024-01-15,Website,0,2024-01-15
C00789,F,1993.0,TP.HCM,2025-06-03,Google,0,2025-06-03
C00790,M,1965.0,Biên Hòa,2025-04-05,Walk-in,0,2025-04-05
C00791,F,2000.0,Bắc Ninh,2025-03-10,Walk-in,0,2025-03-10
C00792,M,1967.0,Đà Nẵng,2025-05-19,Website,0,2025-05-19
C00793,F,1971.0,Cần Thơ,2023-10-22,TikTok,0,2023-10-22
C00794,M,1986.0,Hải Phòng,2023-12-10,Website,1,2023-12-10
C00795,F,1971.0,Khác,,Shopee,0,
C00796,,1993.0,Huế,2023-07-18,Zalo,0,2023-07-18
C00797,M,1986.0,Thủ Đức,2024-10-23,Facebook,1,2024-10-23
C00798,F,2002.0,Huế,2024-12-18,Zalo,0,2024-12-18
C00799,M,1973.0,TP.HCM,2025-05-09,Shopee,0,2025-05-09
C00800,F,1997.0,Nha Trang,2025-04-04,Shopee,0,2025-04-04
